Battle Date,Time remaining,,,Result,Stars,Star Gain,XP,,Result,Stars,Star Gain
7/28/2015,1:51,6,Thanatos,Defeat,,,,5. *ortpas**remzi*,62%,2,2
7/28/2015,1:55,6,Thanatos,Defended,,,,7. Asrin1905,42%,0,0
7/28/2015,2:26,4,(unknown),Defeat,,,,2. *Tamer* *Boom*,70%,2,2
7/28/2015,2:59,9,Alabaster,Defeat,,,,6. Yeliz,100%,3,3
7/28/2015,5:19,4,(unknown),Defended,,,,4. basar nike,35%,0,0
7/28/2015,5:24,8,FaZe-wannabe,Defeat,,,,7. Asrin1905,100%,3,3
7/28/2015,5:28,3,dddddd,Defeat,,,,5. *ortpas**remzi*,72%,2,2
7/28/2015,7:32,3,dddddd,100%,3,3,5,3. nx7,Defeat,,
7/28/2015,8:13,5,JJ BOSS,Defeat,,,,4. basar nike,100%,3,3
7/28/2015,8:15,9,Alabaster,57%,1,1,4,9. Atakan AA,Defeat,,
7/28/2015,8:42,1,Black Magic,Defeat,,,,2. *Tamer* *Boom*,70%,1,1
7/28/2015,10:41,10,Knoxx,Defeat,,,,8. XxVedaT xX,55%,2,2
7/28/2015,11:11,2,Austin,Defeat,,,,1. HelloForce,73%,1,1
7/28/2015,11:15,3,dddddd,50%,1,1,5,2. *Tamer* *Boom*,Defeat,,
7/28/2015,12:33,7,Jedi Purger,Defeat,,,,6. Yeliz,81%,1,1
7/28/2015,16:00,9,Alabaster,58%,1,1,4,10. ALPAYARAP9,Defeat,,
7/28/2015,16:07,5,JJ BOSS,58%,1,1,5,4. basar nike,Defeat,,
7/28/2015,16:44,10,Knoxx,11%,0,0,0,9. Atakan AA,Defended,,
7/28/2015,18:54,5,JJ BOSS,50%,1,1,4,6. Yeliz,Defeat,,
7/28/2015,20:14,10,Knoxx,3%,0,0,0,10. ALPAYARAP9,Defended,,
7/28/2015,22:34,10,Knoxx,Defended,,,,10. ALPAYARAP9,40%,0,0
7/28/2015,22:59,4,(unknown),75%,1,1,5,5. *ortpas**remzi*,Defeat,,
7/30/2015,1:47,5,Go Nudi,100%,3,3,4,7. blueBELLE,Defeat,,
7/30/2015,6:05,4,(unknown),85%,2,2,4,6. Chaser14,Defeat,,
7/30/2015,9:32,1,lilbuckybadger,100%,3,3,5,2. Ham,Defeat,,
7/30/2015,13:27,8,Jalau,100%,3,3,4,9. Millennium Earl,Defeat,,
7/30/2015,13:39,5,Go Nudi,82%,2,2,5,5. troy,Defeat,,
7/30/2015,14:28,8,Jalau,Defeat,,,,3. cj,100%,3,3
7/30/2015,14:37,10,Centries,100%,3,0,-,10. MLGaming,Defeat,,
7/30/2015,16:41,9,Kewal,Defeat,,,,7. blueBELLE,100%,3,3
7/30/2015,16:52,3,dddddd,100%,3,3,5,4. Marcoos,Defeat,,
7/30/2015,17:09,7,Alabaster,100%,3,3,4,8. Ryde,Defeat,,
7/30/2015,19:03,8,Jalau,Defended,,,,7. blueBELLE,42%,0,0
7/30/2015,19:41,2,Black Magic,Defeat,,,,1. MMC,58%,2,2
7/30/2015,20:31,9,Kewal,16%,0,0,-,9. Millennium Earl,Defended,,
7/30/2015,20:49,9,Kewal,100%,3,3,4,10. MLGaming,Defeat,,
7/30/2015,21:25,5,Go Nudi ,Defeat,,,,5. troy,72%,1,1
7/30/2015,22:49,6,Thanatos,Defeat,,,,3. cj,59%,1,1
7/30/2015,22:51,7,Alabaster,Defeat,,,,5. troy,100%,3,3
7/30/2015,23:39,1,lilbuckybadger,78%,2,2,5,1. MMC,Defeat,,
7/30/2015,23:42,7,Alabaster,47%,0,,-,7. blueBELLE,Defended,,
7/30/2015,23:54,3,dddddd,97%,2,2,5,3. cj,Defeat,,
8/3/2015,0:14,1,1. dddddd,32%,0,0,0,1. BuffetBoys85,Defended,,
8/3/2015,0:46,2,2. Unknown (Kim),Defeat,,,,1. BuffetBoys85,50%,1,0
8/3/2015,1:51,4,4. Go Nudi,100%,3,3,4,7. oiolm99,Defeat,,
8/3/2015,3:30,10,10. centries,96%,2,0,-,10. Himimmy,Defeat,,
8/3/2015,3:45,2,2. Unknown (Kim),Defeat,,,,2. chees,80%,2,1
8/3/2015,5:39,1,1. dddddd,Defeat,,,,1. BuffetBoys85,100%,3,3
8/3/2015,8:35,6,6. FaZe-wannabe,Defeat,,,,4. You,100%,3,3
8/3/2015,11:25,5,5. Thanatos,Defeat,,,,4. You,100%,3,3
8/3/2015,12:34,2,2. Unknown (Kim),57%,2,2,5,3. UprisingRivals,Defeat,,
8/3/2015,12:46,7,7. Jalau,Defeat,,,,6. King dominator,100%,3,3
8/3/2015,12:49,5,5. Thanatos,100%,3,3,4,6. King dominator,Defeat,,
8/3/2015,14:19,9,9. kewal,67%,2,2,4,10. Himimmy,Defeat,,
8/3/2015,14:51,2,2. Unknown (Kim),85%,1,1,5,4. You,Defeat,,
8/3/2015,15:13,5,5. Thanatos,99%,2,2,5,5. nine das frulin,Defeat,,
8/3/2015,15:29,9,9. kewal,Defended,,,,10. Himimmy,12%,0,0
8/3/2015,16:51,1,1. dddddd,79%,1,1,5,2. chees,Defeat,,
8/3/2015,21:19,7,7. Jalau,Defended,,,,8. jarod_thiel,48%,0,0
8/3/2015,21:29,8,8. Javier,Defeat,,,,8. jarod_thiel,100%,3,3
8/3/2015,22:28,4,4. aid,Defeat,,,,3. UprisingRivals,100%,3,3
8/3/2015,22:39,9,9. kewal,Defeat,,,,9. lenny,100%,3,3
8/3/2015,22:42,4,4. Go Nudi,Defeat,,,,2. chees,100%,3,3
8/3/2015,22:47,10,10. centries,Defeat,,,,9. lenny,100%,3,3
8/3/2015,22:50,2,2. Unknown (Kim),Defeat,,,,3. UprisingRivals,50%,1,1
8/6/2015,0:05,,5. Thanatos,66%,2,2,4,6,Defeat,,
8/6/2015,0:11,,3. Unknown (Kim),Defeat,,,,4,53%,1,1
8/6/2015,0:21,,2. dddddd,42%,0,0,0,1,Defended,,
8/6/2015,0:34,,3. Unknown (Kim),Defended,,,,1,35%,0,0
8/6/2015,1:23,,4. Go Nudi,100%,3,3,5,5,Defeat,,
8/6/2015,1:30,,6. Alabaster,30%,0,0,0,6,Defended,,
8/6/2015,2:11,,4. Go Nudi,Defeat,,,,1,72%,1,1
8/6/2015,3:30,,7. Jalau,Defeat,,,,6,100%,3,1
8/6/2015,4:15,,7. Jalau,100%,3,2,0,10,Defeat,,
8/6/2015,7:34,,1. Magna,50%,1,1,5,1,Defeat,,
8/6/2015,8:10,,2. dddddd,71%,2,2,5,4,Defeat,,
8/6/2015,8:27,,4. Go Nudi,Defended,,,,6,19%,0,0
8/6/2015,8:44,,8. Javier,75%,1,1,4,10,Defeat,,
8/6/2015,9:42,,4. Go Nudi,100%,3,3,4,7,Defeat,,
8/6/2015,9:53,,4. Go Nudi,Defended,,,,3,35%,0,0
8/6/2015,10:18,,10. centries,12%,0,0,0,7,Defended,,
8/6/2015,10:36,,1. Magna,95%,2,0,0,3,Defeat,,
8/6/2015,10:38,,10. centries,4%,0,0,0,10,Defended,,
8/6/2015,11:10,,6. Alabaster,100%,3,3,4,9,Defeat,,
8/6/2015,12:21,,3. Unknown (Kim),Defended,,,,2,43%,0,0
8/6/2015,12:54,,2. dddddd,Defended,,,,9,8%,0,0
8/6/2015,12:58,,10. centries,Defended,,,,9,31%,0,0
8/6/2015,13:37,,10. centries,Defeat,,,,7,100%,3,3
8/6/2015,14:47,,5. Thanatos,100%,3,3,4,8,Defeat,,
8/6/2015,15:06,,3. Unknown (Kim),51%,2,2,4,3,Defeat,,
8/6/2015,15:15,,5. Thanatos,Defeat,,,,4,64%,2,0
8/6/2015,15:56,,5. Thanatos,Defeat,,,,2,51%,2,2
8/6/2015,16:01,,9. kewal,0%,0,0,0,9,Defended,,
8/6/2015,16:21,,9. kewal,0%,0,0,0,10,Defended,,
8/6/2015,20:53,,9. kewal,Defeat,,,,7,100%,3,3
8/6/2015,21:02,,8. Javier,0%,0,0,0,9,Defended,,
8/6/2015,22:16,,7. Jalau,Defeat,,,,5,,,
8/6/2015,22:46,,3. Unknown (Kim),50%,2,2,5,2,Defeat,,
8/6/2015,23:55,,6. Alabaster,Defeat,,,,5,100%,3,3
8/6/2015,23:57,,8. Javier,Defeat,,,,3,100%,3,3
8/10/2015,0:12,,2. dddddd,45%,0,0,0,1,Defended,,
8/10/2015,0:59,,4. Go Nudi,68%,1,0,0,3,Defeat,,
8/10/2015,1:27,,3. Unknown (Kim),Defeat,,,,4,58%,1,0
8/10/2015,1:51,,2. dddddd,Defeat,,,,1,72%,2,2
8/10/2015,1:56,,2. dddddd,Defended,,,,2,35%,0,0
8/10/2015,2:13,,7. bbbbbb,Defeat,,,,3,100%,3,1
8/10/2015,3:30,,6. Alabaster,Defeat,,,,5,100%,3,3
8/10/2015,3:37,,1. Magna,Defeat,,,,1,77%,1,1
8/10/2015,3:57,,7. bbbbbb,Defended,,,,8,30%,0,0
8/10/2015,4:16,,7. bbbbbb,Defeat,,,,6,63%,2,2
8/10/2015,6:08,,7. bbbbbb,Defended,,,,7,33%,0,0
8/10/2015,6:35,,4. Go Nudi,87%,2,0,0,4,Defeat,,
8/10/2015,7:05,,6. Alabaster,32%,0,0,0,5,Defended,,
8/10/2015,7:12,,1. Magna,38%,0,0,0,1,Defended,,
8/10/2015,8:27,,6. Alabaster,100%,3,1,0,10,Defeat,,
8/10/2015,8:40,,3. Unknown (Kim),Defeat,,,,2,64%,1,0
8/10/2015,8:48,,2. dddddd,100%,3,3,5,2,Defeat,,
8/10/2015,8:54,,8. Javier,Defeat,,,,9,100%,3,3
8/10/2015,9:04,,1. Magna,91%,2,2,5,3,Defeat,,
8/10/2015,9:15,,7. bbbbbb,100%,3,3,4,9,Defeat,,
8/10/2015,10:12,,5. Thanatos,Defeat,,,,5,100%,3,3
8/10/2015,12:24,,5. Thanatos,100%,3,3,4,6,Defeat,,
8/10/2015,13:58,,5. Thanatos,100%,3,3,4,8,Defeat,,
8/10/2015,14:16,,9. kewal,3%,0,0,0,9,Defended,,
8/10/2015,16:19,,9. kewal,91%,2,2,4,10,Defeat,,
8/10/2015,17:03,,3. Unknown (Kim),78%,2,2,5,4,Defeat,,
8/10/2015,17:53,,3. Unknown (Kim),Defeat,,,,3,53%,1,1
8/10/2015,20:04,,9. kewal,Defeat,,,,9,100%,3,3
8/10/2015,20:20,,4. Go Nudi,Defeat,,,,4,97%,2,2
8/10/2015,20:54,,7. bbbbbb,100%,3,3,4,7,Defeat,,
8/10/2015,22:44,,10. centries,Defeat,,,,10,100%,3,3
8/10/2015,23:33,,3. Unknown (Kim),100%,3,3,5,5,Defeat,,
8/13/2015,0:10,,1. Magna,67%,2,1,0,4,Defeat,,
8/13/2015,0:38,,3. dddddd,100%,3,2,0,5,Defeat,,
8/13/2015,0:45,,7. bbbbbb,27%,0,0,0,2,Defended,,
8/13/2015,2:34,,3. dddddd,Defeat,,,,4,50%,1,0
8/13/2015,3:04,,9. kewal,Defeat,,,,8,100%,3,1
8/13/2015,3:16,,4. Unknown (Kim),Defeat,,,,2,62%,1,0
8/13/2015,3:24,,5. Go Nudi,52%,1,1,5,5,Defeat,,
8/13/2015,3:29,,6. Thanatos,100%,3,3,4,10,Defeat,,
8/13/2015,3:39,,9. Kewal,Defeat,,,,10,83%,2,1
8/13/2015,3:47,,2. Captain Ward,Defeat,,,,1,100%,3,3
8/13/2015,5:58,,8. Javier,Defeat,,,,6,100%,3,1
8/13/2015,7:39,,7. bbbbbb,Defeat,,,,5,100%,3,3
8/13/2015,8:51,,2. Captain Ward,100%,3,3,4,6,Defeat,,
8/13/2015,9:02,,8. Javier,Defeat,,,,7,86%,2,2
8/13/2015,10:57,,6. Thanatos,100%,3,3,4,9,Defeat,,
8/13/2015,11:21,,9. Kewal,Defeat,,,,9,45%,1,1
8/13/2015,11:27,,6. Thanatos,Defeat,,,,3,59%,1,1
8/13/2015,11:55,,3. dddddd,73%,1,1,5,4,Defeat,,
8/13/2015,12:04,,5. Go Nudi,Defeat,,,,4,100%,3,3
8/13/2015,12:50,,5. Go Nudi,100%,3,3,4,8,Defeat,,
8/13/2015,13:52,,7. bbbbbb,100%,3,3,4,7,Defeat,,
8/13/2015,15:08,,9. Kewal,0%,0,0,0,9,Defended,,
8/13/2015,16:22,,9. Kewal,15%,0,0,0,10,Defended,,
8/13/2015,21:56,,1. Magna,100%,3,3,5,3,Defeat,,
8/13/2015,23:50,,7. bbbbbb,Defended,,,,6,38%,0,0
8/13/2015,23:51,,10. centries,Defeat,,,,9,100%,3,3
8/13/2015,23:54,,3. dddddd,Defeat,,,,2,66%,1,1
8/13/2015,23:56,,4. Unknown (Kim),Defeat,,,,3,66%,1,1
8/17/2015,0:22,3,dddddd,100%,3,3,4,8,Defeat,,
8/17/2015,1:10,4,Go Nudi,100%,3,3,4,6,Defeat,,
8/17/2015,1:17,20,flaming Phoenix,Defeat,,,,14,100%,3,3
8/17/2015,1:27,19,arian,Defeat,,,,10,100%,3,3
8/17/2015,1:36,17,souyhour,Defeat,,,,12,52%,2,2
8/17/2015,1:42,26,Isa_Kalvari,100%,3,3,2,28,Defeat,,
8/17/2015,3:47,4,Go Nudi,100%,3,3,4,7,Defeat,,
8/17/2015,6:04,1,Magna,100%,3,3,5,5,Defeat,,
8/17/2015,6:09,27,jimmy,Defeat,,,,18,100%,3,3
8/17/2015,7:44,8,Alabaster,100%,3,3,4,14,Defeat,,
8/17/2015,7:49,1,Magna,100%,3,3,5,3,Defeat,,
8/17/2015,8:55,8,Alabaster,100%,3,3,4,13,Defeat,,
8/17/2015,11:26,3,dddddd,100%,3,3,5,4,Defeat,,
8/17/2015,11:42,6,Thanatos,100%,3,3,4,12,Defeat,,
8/17/2015,12:14,11,Javier,100%,3,3,3,16,Defeat,,
8/17/2015,14:41,12,Kewal,100%,3,3,3,21,Defeat,,
8/17/2015,14:54,9,bbbbbb,100%,3,3,4,11,Defeat,,
8/17/2015,14:59,15,#2VGPGOUR9,Defeat,,,,14,100%,3,3
8/17/2015,16:09,12,Kewal,100%,3,3,3,22,Defeat,,
8/17/2015,16:12,9,bbbbbb,100%,3,3,4,10,Defeat,,
8/17/2015,16:49,14,destroyor,Defeat,,,,10,100%,3,3
8/17/2015,16:57,18,cam,Defeat,,,,15,55%,1,1
8/17/2015,17:11,15,#2VGPGOUR9,100%,3,3,2,26,Defeat,,
8/17/2015,17:23,15,#2VGPGOUR9,0%,0,0,0,28,Defended,,
8/17/2015,18:50,24,oppo_21,100%,3,3,3,23,Defeat,,
8/17/2015,19:05,22,DOOM,100%,3,3,2,27,Defeat,,
8/17/2015,19:54,22,DOOM,100%,3,3,2,29,Defeat,,
8/17/2015,20:02,10,Makara,48%,0,0,0,18,Defended,,
8/17/2015,20:06,10,Makara,100%,3,3,3,19,Defeat,,
8/17/2015,20:29,26,Isa_Kalvari,Defeat,,,,16,20%,0,0
8/17/2015,20:31,6,Thanatos,100%,3,3,4,9,Defeat,,
8/17/2015,20:31,25,Lhyn'b0nsay04<3,Defended,,,,16,21%,0,0
8/17/2015,20:36,27,jimmy,Defended,,,,21,29%,0,0
8/17/2015,21:14,16,lemuel 10,Defeat,,,,12,100%,3,3
8/17/2015,21:22,11,Javier,0%,0,0,0,18,Defended,,
8/17/2015,21:45,13,dimple,Defeat,,,,13,39%,1,1
8/17/2015,23:04,22,DOOM,Defended,,,,17,0%,0,0
8/17/2015,23:10,28,bobs town,Defeat,,,,18,100%,3,3
8/17/2015,23:10,26,Isa_Kalvari,Defended,,,,21,20%,0,0
8/17/2015,23:27,14,destroyor,46%,0,0,0,19,Defended,,
8/17/2015,23:43,13,dimple,0%,0,0,0,15,Defended,,
8/17/2015,23:46,21,Penwing,100%,3,3,3,20,Defeat,,
8/17/2015,23:47,13,dimple,100%,3,3,3,25,Defeat,,
8/17/2015,23:47,14,destroyor,100%,3,3,2,30,Defeat,,
8/17/2015,23:49,29,aaron,Defeat,,,,20,100%,3,3
8/17/2015,23:56,20,Messi-10-11,Defeat,,,,20,100%,3,3
8/17/2015,23:57,23,อาบีดิง,Defeat,,,,17,100%,3,3
8/17/2015,23:57,24,oppo_21,100%,3,3,3,24,Defeat,,
8/20/2015,0:06,3,Go Nudi,Defeat,,,,3,50%,1,0
8/20/2015,0:15,7,bbbbbb,Defeat,,,,3,100%,3,3
8/20/2015,1:25,6,Alabaster,100%,3,3,4,15,Defeat,,
8/20/2015,1:36,3,Go Nudi,100%,3,3,4,13,Defeat,,
8/20/2015,2:25,12,Penwing,100%,3,3,4,14,Defeat,,
8/20/2015,3:20,1,Magna,100%,3,3,5,2,Defeat,,
8/20/2015,9:06,2,dddddd,Defeat,,,,1,54%,1,1
8/20/2015,10:43,2,dddddd,75%,2,2,5,4,Defeat,,
8/20/2015,10:51,3,Go Nudi,100%,3,3,4,6,Defeat,,
8/20/2015,11:16,6,Alabaster,48%,0,0,0,6,Defended,,
8/20/2015,11:24,7,bbbbbb,100%,3,2,0,8,Defeat,,
8/20/2015,12:58,7,bbbbbb,Defended,,,,7,40%,0,0
8/20/2015,14:15,4,Thanatos,Defeat,,,,2,100%,3,3
8/20/2015,14:31,5,Mary Grace,100%,3,3,4,12,Defeat,,
8/20/2015,14:35,11,kewal,28%,0,0,0,13,Defended,,
8/20/2015,14:48,5,Mary Grace,77%,1,1,4,8,Defeat,,
8/20/2015,14:51,11,kewal,86%,2,0,0,10,Defeat,,
8/20/2015,16:00,1,Magna,100%,3,3,5,3,Defeat,,
8/20/2015,16:55,7,bbbbbb,79%,1,1,4,7,Defeat,,
8/20/2015,20:57,15,ayu,34%,0,0,0,14,Defended,,
8/20/2015,21:05,9,javier,100%,3,3,4,11,Defeat,,
8/20/2015,21:06,1,Magna,Defeat,,,,1,50%,1,1
8/20/2015,21:10,9,javier,Defeat,,,,8,100%,3,3
8/20/2015,21:14,6,Alabaster,Defeat,,,,4,100%,3,3
8/20/2015,21:37,15,ayu,34%,0,0,0,13,Defended,,
8/20/2015,22:31,3,Go Nudi,Defeat,,,,2,91%,1,1
8/20/2015,22:38,11,kewal,Defeat,,,,9,100%,3,3
8/20/2015,22:41,13,destroyer,Defeat,,,,10,100%,3,3
8/20/2015,22:45,15,ayu,Defeat,,,,14,100%,3,3
8/20/2015,22:47,9,javier,59%,2,2,4,9,Defeat,,
8/20/2015,22:49,12,Penwing,Defeat,,,,13,100%,3,3
8/20/2015,22:51,14,oppo_21,Defeat,,,,11,100%,3,3
8/20/2015,22:54,10,dimple,Defeat,,,,9,100%,3,3
8/20/2015,23:00,8,Makara,100%,3,3,4,10,Defeat,,
8/20/2015,23:00,8,Makara,Defeat,,,,8,100%,3,3
8/20/2015,23:03,5,Mary Grace,Defeat,,,,4,100%,3,3
8/20/2015,23:34,8,Makara,42%,0,0,0,9,Defended,,
8/24/2015,0:21,5,Alabaster,12%,1,0,0,1,Defeat,,
8/24/2015,0:25,2,Go Nudi,12%,1,0,0,1,Defeat,,
8/24/2015,0:26,25,oppo_21,Defeat,,,,4,100%,3,3
8/24/2015,0:48,6,bbbbbb,12%,1,0,0,1,Defeat,,
8/24/2015,0:52,16,Isa_Kalvari,77%,2,2,3,25,Defeat,,
8/24/2015,1:03,4,Mary Grace,100%,3,3,2,29,Defeat,,
8/24/2015,1:05,1,dddddd,54%,2,2,0,1,Defeat,,
8/24/2015,1:31,34,Parcur,Defended,,,,6,5%,0,0
8/24/2015,1:35,35,Messi-10-11,Defended,,,,6,0%,0,0
8/24/2015,2:56,13,lemuel 10,Defeat,,,,10,86%,2,0
8/24/2015,3:22,35,Messi-10-11,Defended,,,,17,20%,0,0
8/24/2015,3:24,32,Clan Concerour,Defended,,,,17,11%,0,0
8/24/2015,4:06,17,Maza123,100%,3,1,0,33,Defeat,,
8/24/2015,4:25,17,Maza123,100%,3,3,2,26,Defeat,,
8/24/2015,6:16,3,aiden,Defended,,,,2,35%,0,0
8/24/2015,9:24,1,dddddd,100%,3,3,5,2,Defeat,,
8/24/2015,9:27,19,arian,100%,3,3,2,28,Defeat,,
8/24/2015,9:31,2,Go Nudi,100%,3,3,5,3,Defeat,,
8/24/2015,9:52,30,jimmy,0%,0,0,0,28,Defended,,
8/24/2015,10:17,25,oppo_21,52%,1,1,4,14,Defeat,,
8/24/2015,10:23,4,Mary Grace,Defeat,,,,2,100%,3,3
8/24/2015,10:26,18,souyhour,100%,3,3,2,27,Defeat,,
8/24/2015,10:28,18,souyhour,0%,0,0,0,24,Defended,,
8/24/2015,10:49,22,centries,60%,1,1,2,31,Defeat,,
8/24/2015,11:09,5,Alabaster,100%,3,3,4,8,Defeat,,
8/24/2015,11:13,22,centries,100%,3,3,2,30,Defeat,,
8/24/2015,12:00,19,arian,96%,2,2,2,33,Defeat,,
8/24/2015,12:33,25,oppo_21,100%,3,3,3,18,Defeat,,
8/24/2015,12:35,12,ikhsan,100%,3,3,4,15,Defeat,,
8/24/2015,12:53,6,bbbbbb,100%,3,3,5,5,Defeat,,
8/24/2015,19:26,10,kewal,100%,3,3,3,16,Defeat,,
8/24/2015,19:51,3,aiden,Defeat,,,,1,68%,1,1
8/24/2015,20:11,24,ayu,100%,3,3,2,32,Defeat,,
8/24/2015,20:12,1,dddddd,Defended,,,,1,44%,0,0
8/24/2015,20:30,24,ayu,,,,,34,Defeat,,
8/24/2015,21:39,13,lemuel 10,Defeat,,,,7,100%,3,3
8/24/2015,21:45,4,Mary Grace,100%,3,3,4,9,Defeat,,
8/24/2015,21:45,10,kewal,100%,3,3,3,17,Defeat,,
8/24/2015,21:53,30,jimmy,Defended,,,,19,0%,0,0
8/24/2015,22:09,20,BaiM,23%,0,0,0,32,Defended,,
8/24/2015,22:14,20,BaiM,39%,0,0,0,35,Defended,,
8/24/2015,22:32,16,Isa_Kalvari,100%,3,3,2,35,Defeat,,
8/24/2015,22:43,8,javier,Defended,,,,11,23%,0,0
8/24/2015,23:16,24,ayu,Defended,,,,12,25%,0,0
8/24/2015,23:22,15,ttttht,Defeat,,,,11,85%,2,2
8/24/2015,23:30,11,dimple,100%,3,3,3,21,Defeat,,
8/24/2015,23:31,31,field luke,Defeat,,,,19,100%,3,3
8/24/2015,23:42,7,Makara,Defended,,,,4,42%,0,0
8/24/2015,23:42,7,Makara,21%,1,1,4,13,Defeat,,
8/24/2015,23:49,7,Makara,76%,1,1,4,12,Defeat,,
8/24/2015,23:55,11,dimple,100%,3,3,3,19,Defeat,,
8/27/2015,1:45,3,Go Nudi,100%,3,3,3,16,Defeat,,
8/27/2015,2:23,19,flaming Phoenix,87%,2,1,0,19,Defeat,,
8/27/2015,2:52,20,alexa,35%,0,0,0,16,Defended,,
8/27/2015,2:55,5,oppo_21,Defended,,,,6,28%,0,0
8/27/2015,2:58,3,Go Nudi,100%,3,3,4,15,Defeat,,
8/27/2015,4:06,20,alexa,Defeat,,,,13,60%,2,2
8/27/2015,4:50,5,oppo_21,100%,3,3,5,4,Defeat,,
8/27/2015,6:46,19,flaming Phoenix,100%,3,3,3,25,Defeat,,
8/27/2015,7:36,1,Magna,49%,0,0,0,1,Defended,,
8/27/2015,9:24,14,Isa_Kalvari,100%,3,3,3,24,Defeat,,
8/27/2015,11:14,15,souyhour,0%,0,0,0,16,Defended,,
8/27/2015,11:48,6,Mary Grace,100%,3,3,4,12,Defeat,,
8/27/2015,11:53,7,Alabaster,100%,3,3,4,7,Defeat,,
8/27/2015,12:49,5,oppo_21,65%,2,0,0,3,Defeat,,
8/27/2015,13:03,17,oppo_21,35%,0,0,0,12,Defended,,
8/27/2015,13:06,17,oppo_21,6%,0,0,0,14,Defended,,
8/27/2015,13:30,16,Maza123,Defeat,,,,7,100%,3,3
8/27/2015,14:55,6,Mary Grace,100%,3,3,4,9,Defeat,,
8/27/2015,15:34,11,kewal,100%,3,0,0,14,Defeat,,
8/27/2015,15:58,11,Kewal,30%,0,0,0,11,Defended,,
8/27/2015,16:07,4,Thanatos,100%,3,3,4,6,Defeat,,
8/27/2015,17:34,2,dddddd,100%,3,3,5,2,Defeat,,
8/27/2015,17:49,7,Alabaster,100%,3,3,4,10,Defeat,,
8/27/2015,18:24,9,Makara,100%,3,3,4,11,Defeat,,
8/27/2015,18:47,4,Thanatos,100%,3,3,5,5,Defeat,,
8/27/2015,20:45,5,oppo_21,Defended,,,,3,37%,0,0
8/27/2015,20:49,14,Isa_Kalvari,52%,1,1,3,18,Defeat,,
8/27/2015,20:55,8,bbbbbb,100%,3,3,4,8,Defeat,,
8/27/2015,21:52,17,oppo_21,Defended,,,,11,11%,0,0
8/27/2015,21:54,12,ayu,100%,3,3,3,20,Defeat,,
8/27/2015,21:56,23,etdjtk,Defended,,,,11,0%,0,0
8/27/2015,22:17,12,ayu,100%,3,3,3,21,Defeat,,
8/27/2015,22:21,15,souyhour,79%,1,1,3,19,Defeat,,
8/27/2015,23:34,6,Mary Grace,Defeat,,,,1,100%,3,3
8/27/2015,23:35,25,Messi-10-11,Defeat,,,,21,62%,2,2
8/27/2015,23:38,24,Clan Concerour,Defeat,,,,21,58%,2,2
8/27/2015,1:00:00,10,dimple,100%,3,3,4,14,Defeat,,
8/27/2015,1:00:33,10,dimple,100%,3,3,4,13,Defeat,,
8/27/2015,1:00:35,1,Magna,100%,3,3,5,3,Defeat,,
8/27/2015,1:00:52,18,centries,100%,3,3,3,22,Defeat,,
8/27/2015,1:00:55,18,centries,100%,3,3,3,23,Defeat,,
8/27/2015,1:00:58,9,Makara,16%,0,0,0,12,Defended,,
8/30/2015,0:10,1,Magna,100%,3,3,2,35,Defeat,,
8/30/2015,0:14,17,Penwing,100%,3,3,2,27,Defeat,,
8/30/2015,0:29,25,Maza123,Defended,,,,11,36%,0,0
8/30/2015,0:33,23,Isa_Kalvari,100%,3,3,3,25,Defeat,,
8/30/2015,0:37,17,Penwing,100%,3,3,3,22,Defeat,,
8/30/2015,0:41,22,ttttht,100%,3,3,2,26,Defeat,,
8/30/2015,0:43,3,dddddd,49%,0,0,0,2,Defended,,
8/30/2015,0:54,4,Go Nudi,100%,3,3,4,8,Defeat,,
8/30/2015,0:58,1,Magna,65%,1,1,5,3,Defeat,,
8/30/2015,1:04,25,Maza123,100%,3,3,2,29,Defeat,,
8/30/2015,1:04,22,ttttht,100%,3,3,3,24,Defeat,,
8/30/2015,1:25,24,Oppo_21,100%,3,2,0,17,Defeat,,
8/30/2015,1:33,11,bbbbbb,100%,3,3,3,19,Defeat,,
8/30/2015,1:43,8,Oppo_21,100%,3,3,5,5,Defeat,,
8/30/2015,1:46,28,centries,100%,3,3,2,31,Defeat,,
8/30/2015,1:49,36,alexa,50%,2,2,2,39,Defeat,,
8/30/2015,1:52,28,centries,100%,3,3,2,30,Defeat,,
8/30/2015,2:52,24,Oppo_21,Defended,,,,15,27%,0,0
8/30/2015,2:57,24,Oppo_21,100%,3,0,0,18,Defeat,,
8/30/2015,3:30,33,etdjtk,Defended,,,,33,0%,0,0
8/30/2015,4:19,10,Alabaster,100%,3,3,3,16,Defeat,,
8/30/2015,4:33,4,Go Nudi,100%,3,3,4,6,Defeat,,
8/30/2015,6:03,11,bbbbbb,100%,3,3,4,14,Defeat,,
8/30/2015,6:25,16,Kewal,84%,1,0,0,18,Defeat,,
8/30/2015,8:12,38,jimmy,Defeat,,,,19,100%,3,2
8/30/2015,8:28,10,Alabaster,100%,3,3,4,13,Defeat,,
8/30/2015,9:33,36,alexa,Defended,,,,27,0%,0,0
8/30/2015,9:38,38,jimmy,Defended,,,,27,5%,0,0
8/30/2015,10:05,34,The_Champ,Defeat,,,,19,100%,3,3
8/30/2015,10:40,33,etdjtk,Defended,,,,18,48%,0,0
8/30/2015,10:57,20,ayu,100%,3,3,3,21,Defeat,,
8/30/2015,11:18,20,ayu,97%,2,2,3,20,Defeat,,
8/30/2015,12:08,9,Mary Grace,100%,3,3,4,11,Defeat,,
8/30/2015,12:19,3,dddddd,100%,3,3,5,4,Defeat,,
8/30/2015,13:56,8,Oppo_21,100%,3,3,4,9,Defeat,,
8/30/2015,15:12,18,souyhour,48%,0,0,0,24,Defended,,
8/30/2015,15:15,18,souyhour,100%,3,3,3,23,Defeat,,
8/30/2015,15:15,7,Thanatos,100%,3,3,4,7,Defeat,,
8/30/2015,15:53,36,alexa,44%,0,0,0,40,Defended,,
8/30/2015,16:14,9,Mary Grace,100%,3,3,4,12,Defeat,,
8/30/2015,16:38,12,Makara,0%,0,0,0,16,Defended,,
8/30/2015,17:02,12,Makara,59%,1,1,3,17,Defeat,,
8/30/2015,18:31,7,Thanatos,100%,3,3,4,10,Defeat,,
8/30/2015,18:37,34,The_Champ,Defended,,,,18,5%,0,0
8/30/2015,19:07,7,Thanatos,Defeat,,,,4,39%,1,1
8/30/2015,21:17,7,Thanatos,Defended,,,,6,0%,0,0
8/30/2015,21:30,34,The_Champ,100%,3,3,2,34,Defeat,,
8/30/2015,21:35,37,"Den,s fikri 194",Defeat,,,,14,100%,3,3
8/30/2015,21:42,34,The_Champ,100%,3,3,2,33,Defeat,,
8/30/2015,21:44,32,อาบีดิง,Defeat,,,,14,52%,1,1
8/30/2015,21:45,38,jimmy,Defeat,,,,37,34%,1,1
8/30/2015,21:46,25,Maza123,100%,3,3,2,32,Defeat,,
8/30/2015,21:58,37,"Den,s fikri 194",Defended,,,,37,8%,0,0
8/30/2015,22:00,8,Oppo_21,Defeat,,,,4,60%,2,2
8/30/2015,22:04,4,Go Nudi,Defeat,,,,3,68%,1,1
8/30/2015,22:10,29,Alphaalpha eigh,Defeat,,,,10,100%,3,3
8/30/2015,22:37,39,field luke,Defeat,,,,12,100%,3,3
8/30/2015,22:38,40,Messi-10-11,Defeat,,,,12,100%,3,3
8/30/2015,23:03,15,dimple,100%,3,3,3,18,Defeat,,
8/30/2015,23:06,15,dimple,0%,0,0,0,19,Defended,,
8/30/2015,23:32,6,aiden,Defended,,,,6,25%,0,0
8/30/2015,23:52,16,Kewal,53%,1,1,4,15,Defeat,,
8/30/2015,23:53,23,Isa_Kalvari,100%,3,3,2,28,Defeat,,
8/30/2015,23:56,30,cam,Defeat,,,,10,100%,3,3
8/30/2015,23:56,2,Captain Ward,Defeat,,,,3,45%,1,1
9/3/2015,0:11,6,Alabaster,18%,0,0,0,2,Defended,,
9/3/2015,1:19,3,Go Nudi,100%,3,1,0,3,Defeat,,
9/3/2015,1:31,6,Alabaster,100%,3,2,0,11,Defeat,,
9/3/2015,1:31,2,dddddd,100%,3,3,5,5,Defeat,,
9/3/2015,1:55,1,Magna,66%,2,1,0,2,Defeat,,
9/3/2015,2:33,15,Isa_Kalvari,29%,0,0,0,11,Defended,,
9/3/2015,4:15,1,Magna,69%,1,1,5,1,Defeat,,
9/3/2015,4:35,3,Go Nudi,100%,3,3,4,6,Defeat,,
9/3/2015,5:19,10,Penwing,100%,3,2,0,17,Defeat,,
9/3/2015,7:53,2,dddddd,Defended,,,,1,40%,0,0
9/3/2015,9:36,9,dimple,Defeat,,,,3,100%,3,3
9/3/2015,10:00,2,dddddd,83%,1,1,5,2,Defeat,,
9/3/2015,10:17,7,bbbbbb,100%,3,2,0,9,Defeat,,
9/3/2015,11:18,10,Penwing,100%,3,2,0,16,Defeat,,
9/3/2015,12:18,14,oppo_21,78%,1,1,4,11,Defeat,,
9/3/2015,12:26,15,Isa_Kalvari,55%,1,1,3,17,Defeat,,
9/3/2015,13:06,3,Go Nudi,Defeat,,,,1,56%,1,1
9/3/2015,13:13,4,oppo_21,82%,2,2,5,3,Defeat,,
9/3/2015,13:26,18,The_Champ,Defended,,,,11,41%,0,0
9/3/2015,14:03,17,centries,18%,0,0,0,16,Defended,,
9/3/2015,14:09,17,centries,0%,0,0,0,17,Defended,,
9/3/2015,14:14,5,Mary Grace,100%,3,3,4,10,Defeat,,
9/3/2015,15:18,7,bbbbbb,Defeat,,,,5,60%,1,1
9/3/2015,16:38,11,Kewal,65%,2,0,0,14,Defeat,,
9/3/2015,16:59,13,Ayu,Defeat,,,,12,66%,2,2
9/3/2015,17:48,20,Max Jaxer,100%,3,3,3,19,Defeat,,
9/3/2015,10:00,6,Alabaster,Defeat,,,,5,58%,1,1
9/3/2015,19:02,11,Kewal,3%,0,0,0,13,Defended,,
9/3/2015,19:10,19,alexa,Defended,,,,16,5%,0,0
9/3/2015,19:26,5,Mary Grace,100%,3,3,4,7,Defeat,,
9/3/2015,19:29,16,Flaming Phoenix,Defended,,,,16,4%,0,0
9/3/2015,20:51,12,souyhour,53%,2,0,0,13,Defeat,,
9/3/2015,21:35,12,souyhour,100%,3,3,4,15,Defeat,,
9/3/2015,21:54,8,makara,100%,3,3,4,12,Defeat,,
9/3/2015,22:00,9,dimple,100%,3,3,4,13,Defeat,,
9/3/2015,22:02,4,oppo_21,Defeat,,,,3,56%,1,1
9/3/2015,22:25,5,Mary Grace,Defeat,,,,4,66%,2,2
9/3/2015,22:27,20,Max Jaxer,85%,1,1,3,16,Defeat,,
9/3/2015,23:00,7,bbbbbb,100%,3,3,4,8,Defeat,,
9/3/2015,23:23,4,oppo_21,100%,3,3,5,4,Defeat,,
9/3/2015,23:23,16,flaming Phoenix,100%,3,3,3,18,Defeat,,
9/3/2015,23:29,9,dimple,100%,3,3,4,14,Defeat,,
9/3/2015,23:44,14,oppo_21,66%,1,1,4,9,Defeat,,
9/3/2015,23:47,8,Makara,Defeat,,,,4,100%,3,3
9/3/2015,23:48,16,flaming Phoenix,100%,3,3,3,20,Defeat,,
9/3/2015,23:50,8,makara,18%,0,0,0,13,Defended,,
9/3/2015,23:54,16,flaming Phoenix,Defended,,,,11,4%,0,0
9/7/2015,0:33,4,dddddd,81%,1,1,4,6,Defeat,,
9/7/2015,0:51,10,Alabaster,57%,1,1,4,10,Defeat,,
9/7/2015,1:22,5,Go Nudi,100%,3,3,4,7,Defeat,,
9/7/2015,1:59,23,Centries,Defeat,,,,18,58%,1,1
9/7/2015,2:20,24,Max Jaxer,Defended,,,,18,29%,0,0
9/7/2015,4:04,1,Magna,98%,1,1,5,4,Defeat,,
9/7/2015,7:13,18,ayu,Defeat,,,,15,89%,2,2
9/7/2015,7:19,17,souyhour,100%,3,3,2,29,Defeat,,
9/7/2015,7:58,16,Penwing,11%,0,0,0,22,Defended,,
9/7/2015,8:31,4,dddddd,83%,2,2,5,5,Defeat,,
9/7/2015,8:37,15,kewal,Defended,,,,15,49%,0,0
9/7/2015,9:18,23,centries,18%,0,0,0,22,Defended,,
9/7/2015,9:22,23,centries,40%,0,0,0,29,Defended,,
9/7/2015,9:53,11,bbbbbb,30%,0,0,0,10,Defended,,
9/7/2015,10:06,20,oppo_21,Defeat,,,,14,86%,1,1
9/7/2015,10:33,5,Go Nudi,Defeat,,,,3,100%,3,3
9/7/2015,10:57,12,FaZe-wannabe,Defeat,,,,9,100%,3,3
9/7/2015,11:42,6,oppo_21,32%,0,0,0,4,Defended,,
9/7/2015,12:38,19,Isa_Kalvari,75%,2,2,3,25,Defeat,,
9/7/2015,14:25,15,Kewal,15%,0,0,0,20,Defended,,
9/7/2015,15:12,8,Mary Grace,100%,3,3,4,14,Defeat,,
9/7/2015,16:14,16,Penwing,Defeat,,,,13,95%,2,1
9/7/2015,17:00,2,Captain Ward,Defeat,,,,1,100%,3,3
9/7/2015,18:22,9,Makara,Defeat,,,,8,100%,3,3
9/7/2015,18:29,1,Magna,Defeat,,,,1,68%,1,1
9/7/2015,18:37,8,Mary Grace,Defeat,,,,7,100%,3,3
9/7/2015,18:46,19,Isa_Kalvari,24%,0,0,0,29,Defended,,
9/7/2015,19:01,8,Mary Grace,100%,3,3,4,11,Defeat,,
9/7/2015,19:09,3,Black Magic,Defeat,,,,3,51%,2,2
9/7/2015,19:15,28,Monstrosity,Defended,,,,30,26%,0,0
9/7/2015,19:26,7,aid,Defeat,,,,6,100%,3,3
9/7/2015,19:41,11,bbbbbb,100%,3,3,4,12,Defeat,,
9/7/2015,19:51,10,Alabaster,100%,3,3,4,13,Defeat,,
9/7/2015,19:52,24,Max Jaxer,Defended,,,,17,25%,0,0
9/7/2015,19:56,20,oppo_21,26%,0,0,0,16,Defended,,
9/7/2015,19:58,8,Mary Grace,Defended,,,,9,19%,0,0
9/7/2015,20:04,18,ayu,30%,0,0,0,25,Defended,,
9/7/2015,20:05,14,Javier,Defeat,,,,10,100%,3,3
9/7/2015,20:24,5,Go Nudi,Defended,,,,5,20%,0,0
9/7/2015,20:32,18,ayu,52%,1,1,3,24,Defeat,,
9/7/2015,20:38,22,nooberz,53%,1,1,2,28,Defeat,,
9/7/2015,20:46,20,oppo_21,100%,3,3,3,17,Defeat,,
9/7/2015,20:48,25,อาบีดิง,Defended,,,,24,0%,0,0
9/7/2015,21:01,28,Monstrosity,Defeat,,,,20,60%,1,0
9/7/2015,21:06,7,aid,Defended,,,,7,9%,0,0
9/7/2015,21:11,24,Max Jaxer,79%,1,1,3,23,Defeat,,
9/7/2015,21:13,6,oppo_21,100%,3,3,4,9,Defeat,,
9/7/2015,21:15,23,centries,Defended,,,,20,47%,0,0
9/7/2015,21:17,17,Souyhour,Defeat,,,,11,100%,3,3
9/7/2015,21:26,26,The_Champ,Defeat,,,,29,100%,3,2
9/7/2015,21:30,26,The_Champ,Defeat,,,,30,64%,1,1
9/7/2015,21:32,15,Kewal,Defeat,,,,12,55%,1,1
9/7/2015,21:34,6,oppo_21,Defeat,,,,6,100%,3,3
9/7/2015,21:36,14,Javier,Defended,,,,11,3%,0,0
9/7/2015,21:36,13,Dillon 21,Defeat,,,,10,100%,3,3
9/7/2015,21:43,11,bbbbbb,Defended,,,,8,42%,0,0
9/7/2015,21:49,7,aid,Defended,,,,5,41%,0,0
9/7/2015,21:52,5,Go Nudi,100%,3,3,4,8,Defeat,,
9/7/2015,21:53,24,Max Jaxer,100%,3,3,2,27,Defeat,,
9/7/2015,21:57,24,Max Jaxer,Defended,,,,16,22%,0,0
9/7/2015,22:01,28,Monstrosity,100%,3,3,2,26,Defeat,,
9/7/2015,22:13,28,Monstrosity,Defeat,,,,27,93%,2,2
9/7/2015,22:22,24,Max Jaxer,Defended,,,,25,29%,0,0
9/7/2015,22:22,29,alexa,Defeat,,,,29,100%,3,3
9/7/2015,22:27,28,Monstrosity,100%,3,2,0,30,Defeat,,
9/7/2015,22:28,17,Souyhour,Defended,,,,17,30%,0,0
9/7/2015,22:34,13,Dillon 21,Defended,,,,13,39%,0,0
9/7/2015,22:45,20,oppo_21,Defended,,,,23,0%,0,0
9/7/2015,22:47,30,jimmy,Defeat,,,,25,100%,3,3
9/7/2015,22:50,12,FaZe-wannabe,Defended,,,,12,32%,0,0
9/7/2015,22:53,23,centries,Defended,,,,23,15%,0,0
9/7/2015,22:54,9,Makara,60%,1,1,3,18,Defeat,,
9/7/2015,22:56,14,Javier,Defended,,,,14,32%,0,0
9/7/2015,23:04,21,jack,Defeat,,,,22,100%,3,2
9/7/2015,23:13,16,Penwing,Defeat,,,,16,59%,1,1
9/7/2015,23:23,22,nooberz,Defeat,,,,22,85%,2,2
9/7/2015,23:29,27,Henton,Defeat,,,,27,100%,3,3
9/7/2015,23:33,24,Max Jaxer,Defended,,,,24,0%,0,0
9/7/2015,23:38,25,อาบีดิง,Defeat,,,,21,100%,3,3
9/7/2015,23:48,15,Kewal,25%,0,0,0,17,Defended,,
9/7/2015,23:53,22,nooberz,69%,1,1,2,30,Defeat,,
9/7/2015,23:54,16,Penwing,58%,1,1,3,21,Defeat,,
9/7/2015,23:57,21,jack,Defeat,,,,21,53%,1,1
9/10/2015,0:50,2,dddddd,56%,1,0,0,2,Defeat,,
9/10/2015,1:01,3,Go Nudi,100%,3,3,4,15,Defeat,,
9/10/2015,1:55,16,centries,25%,0,0,0,15,Defended,,
9/10/2015,2:26,3,Go Nudi,100%,3,3,5,5,Defeat,,
9/10/2015,2:57,8,Alabaster,100%,3,3,4,13,Defeat,,
9/10/2015,3:46,11,Isa_Kalvari,17%,0,0,0,15,Defended,,
9/10/2015,7:25,10,Penwing,100%,3,2,0,19,Defeat,,
9/10/2015,9:50,5,bbbbbb,100%,3,3,4,7,Defeat,,
9/10/2015,11:03,1,Magna,100%,3,3,5,2,Defeat,,
9/10/2015,11:16,9,Kewal,Defeat,,,,7,100%,3,3
9/10/2015,11:41,2,dddddd,Defended,,,,1,37%,0,0
9/10/2015,11:58,7,Makara,Defeat,,,,7,59%,1,1
9/10/2015,12:06,12,ayu,31%,0,0,0,13,Defended,,
9/10/2015,12:35,2,dddddd,100%,3,3,5,3,Defeat,,
9/10/2015,12:36,5,bbbbbb,Defeat,,,,4,95%,1,1
9/10/2015,12:41,8,Alabaster,100%,3,3,4,12,Defeat,,
9/10/2015,13:00,11,Isa_Kalvari,26%,0,0,0,13,Defended,,
9/10/2015,14:14,4,oppo_21,100%,3,3,4,8,Defeat,,
9/10/2015,14:20,16,centries,Defeat,,,,15,100%,3,3
9/10/2015,14:22,10,Penwing,Defeat,,,,10,87%,2,2
9/10/2015,14:53,9,Kewal,100%,3,1,0,16,Defeat,,
9/10/2015,15:18,6,Mary Grace,100%,3,3,4,10,Defeat,,
9/10/2015,16:45,5,bbbbbb,100%,3,3,4,6,Defeat,,
9/10/2015,16:59,15,Max Jaxer,Defeat,,,,10,100%,3,3
9/10/2015,18:34,9,Kewal,46%,1,1,4,14,Defeat,,
9/10/2015,19:26,15,Max Jaxer,26%,0,0,0,14,Defended,,
9/10/2015,19:56,15,Max Jaxer,56%,1,0,0,19,Defeat,,
9/10/2015,20:23,12,ayu,Defeat,,,,15,83%,1,0
9/10/2015,20:33,6,Mary Grace,100%,3,3,4,9,Defeat,,
9/10/2015,20:33,1,Magna,100%,3,3,5,4,Defeat,,
9/10/2015,21:09,10,Penwing,97%,2,2,3,16,Defeat,,
9/10/2015,21:10,19,alexa,Defeat,,,,18,66%,1,1
9/10/2015,21:14,12,ayu,100%,3,3,3,18,Defeat,,
9/10/2015,21:33,13,oppo_21,Defeat,,,,12,98%,2,2
9/10/2015,21:47,6,Mary Grace,Defeat,,,,4,98%,2,2
9/10/2015,22:06,20,Jimmy,Defeat,,,,18,100%,3,3
9/10/2015,22:10,14,nooberz,Defeat,,,,11,74%,2,2
9/10/2015,22:15,17,Monstrosity,63%,1,1,3,19,Defeat,,
9/10/2015,22:22,14,nooberz,100%,3,3,3,17,Defeat,,
9/10/2015,22:25,10,Penwing,Defended,,,,9,0%,0,0
9/10/2015,22:26,18,Squirrel Nut Z.,30%,0,0,0,19,Defended,,
9/10/2015,22:34,12,ayu,Defeat,,,,12,63%,1,1
9/10/2015,22:40,17,Monstrosity,100%,3,2,0,20,Defeat,,
9/10/2015,22:56,1,Magna,Defeat,,,,1,52%,1,1
9/10/2015,22:58,12,ayu,Defended,,,,11,3%,0,0
9/10/2015,22:59,18,Squirrel Nut Z.,41%,0,0,0,20,Defended,,
9/10/2015,23:38,14,Nooberz,67%,1,1,3,20,Defeat,,
9/10/2015,23:51,7,Makara,100%,3,3,4,11,Defeat,,
9/10/2015,23:55,9,Kewal,Defended,,,,9,46%,0,0
9/14/2015,0:17,3,Go Nudi,100%,3,3,3,17,Defeat,,
9/14/2015,0:17,2,dddddd,41%,0,0,0,1,Defended,,
9/14/2015,1:50,22,Mouse,Defended,,,,13,18%,0,0
9/14/2015,2:36,10,Alabaster,100%,3,3,3,16,Defeat,,
9/14/2015,2:42,3,Go Nudi,71%,2,2,4,6,Defeat,,
9/14/2015,3:26,10,Alabaster,100%,3,2,0,12,Defeat,,
9/14/2015,5:08,1,Magna,79%,1,1,5,2,Defeat,,
9/14/2015,5:32,6,Thanatos,Defeat,,,,1,90%,2,2
9/14/2015,5:47,8,Mary Grace,Defeat,,,,1,100%,3,3
9/14/2015,6:05,14,Souyhour,Defeat,,,,2,100%,3,3
9/14/2015,6:08,12,Javier,Defeat,,,,2,100%,3,3
9/14/2015,6:47,1,Magna,100%,3,2,0,4,Defeat,,
9/14/2015,7:41,12,Javier,Defended,,,,4,26%,0,0
9/14/2015,8:44,2,dddddd,100%,3,3,5,3,Defeat,,
9/14/2015,8:54,13,Penwing,42%,0,0,0,16,Defended,,
9/14/2015,10:06,31,YOYO,Defended,,,,29,0%,0,0
9/14/2015,10:12,29,Muis,Defended,,,,29,5%,0,0
9/14/2015,10:38,11,Kewal,63%,1,1,3,19,Defeat,,
9/14/2015,11:39,23,Centries,23%,0,0,0,19,Defended,,
9/14/2015,12:43,11,Kewal,42%,0,0,0,18,Defended,,
9/14/2015,12:50,19,blackman,Defeat,,,,8,32%,1,0
9/14/2015,12:55,7,bbbbbb,100%,3,3,4,14,Defeat,,
9/14/2015,13:07,32,MHd Yoda,3%,0,0,0,19,Defended,,
9/14/2015,13:14,19,blackman,Defended,,,,18,38%,0,0
9/14/2015,13:20,6,Thanatos,100%,3,3,4,15,Defeat,,
9/14/2015,13:25,16,Emirates,100%,3,3,2,30,Defeat,,
9/14/2015,13:28,6,Thanatos,100%,3,3,4,11,Defeat,,
9/14/2015,14:16,16,Emirates,Defeat,,,,17,61%,1,1
9/14/2015,14:38,20,Max Jaxer,100%,3,1,0,23,Defeat,,
9/14/2015,15:05,34,Lcy,Defeat,,,,3,100%,3,3
9/14/2015,15:08,35,kob-1 st clas,Defeat,,,,3,100%,3,3
9/14/2015,15:19,28,Mutia,19%,0,0,0,30,Defended,,
9/14/2015,15:20,26,Squirrel Nut Z.,48%,0,0,0,26,Defended,,
9/14/2015,15:26,22,Mouse,83%,1,1,3,24,Defeat,,
9/14/2015,15:27,11,Kewal,Defeat,,,,4,100%,3,3
9/14/2015,15:52,16,Emirates,Defended,,,,14,43%,0,0
9/14/2015,15:54,10,Alabaster,Defeat,,,,5,94%,1,1
9/14/2015,16:22,30,Ragnarok,100%,3,3,2,31,Defeat,,
9/14/2015,16:43,30,Ragnarok,100%,3,3,2,32,Defeat,,
9/14/2015,16:44,4,JJ BOSS,100%,3,3,5,5,Defeat,,
9/14/2015,16:50,8,Mary Grace,100%,3,3,4,9,Defeat,,
9/14/2015,16:51,7,bbbbbb,100%,3,3,4,8,Defeat,,
9/14/2015,17:09,21,Monstrosity,58%,2,2,3,23,Defeat,,
9/14/2015,17:11,28,Mutia,19%,0,0,0,32,Defended,,
9/14/2015,17:30,17,Nooberz,Defeat,,,,17,53%,1,1
9/14/2015,17:43,26,Squirrel Nut Z.,Defeat,,,,16,100%,3,3
9/14/2015,18:02,17,Nooberz,Defended,,,,14,24%,0,0
9/14/2015,18:21,24,k v e,Defended,,,,20,33%,0,0
9/14/2015,18:34,22,Mouse,Defended,,,,9,4%,0,0
9/14/2015,18:37,9,Makara,Defeat,,,,5,100%,3,3
9/14/2015,18:44,27,Thor Monster,Defended,,,,20,26%,0,0
9/14/2015,19:07,16,Emirates,Defended,,,,8,22%,0,0
9/14/2015,19:26,4,JJ BOSS,75%,1,1,5,4,Defeat,,
9/14/2015,19:35,17,Nooberz,28%,0,0,0,18,Defended,,
9/14/2015,19:39,29,Muis,8%,0,0,0,24,Defended,,
9/14/2015,19:42,28,Mutia,Defeat,,,,9,100%,3,3
9/14/2015,19:50,7,bbbbbb,Defeat,,,,7,57%,1,1
9/14/2015,20:19,14,souyhour,64%,1,1,3,18,Defeat,,
9/14/2015,20:21,8,Mary Grace,100%,3,3,4,10,Defeat,,
9/14/2015,20:28,17,Nooberz,26%,0,0,0,19,Defended,,
9/14/2015,20:37,32,Mhd Yoda,0%,0,0,0,32,Defended,,
9/14/2015,20:44,21,Monstrosity,Defeat,,,,16,61%,1,1
9/14/2015,20:44,26,Squirrel Nut Z.,Defended,,,,15,40%,0,0
9/14/2015,20:53,23,centries,100%,3,3,2,35,Defeat,,
9/14/2015,20:59,5,oppo_21,66%,1,1,4,7,Defeat,,
9/14/2015,21:09,23,centries,Defeat,,,,15,68%,1,1
9/14/2015,21:23,20,Max Jaxer,Defeat,,,,13,100%,3,3
9/14/2015,21:26,31,YOYO,Defeat,,,,24,100%,3,3
9/14/2015,21:53,21,Monstrosity,46%,0,0,0,19,Defended,,
9/14/2015,21:56,27,Thor Monster,100%,3,3,2,28,Defeat,,
9/14/2015,22:06,21,Monstrosity,Defended,,,,19,25%,0,0
9/14/2015,22:13,20,Max Jaxer,100%,3,3,3,20,Defeat,,
9/14/2015,22:21,30,Ragnarok,Defended,,,,24,4%,0,0
9/14/2015,22:21,15,ayu,100%,3,3,2,27,Defeat,,
9/14/2015,22:21,22,Mouse,100%,3,3,3,22,Defeat,,
9/14/2015,22:26,18,oppo_21,Defeat,,,,10,68%,2,2
9/14/2015,22:35,26,Squirrel Nut Z.,100%,3,2,0,25,Defeat,,
9/14/2015,22:40,25,kenshin,8%,0,0,0,31,Defended,,
9/14/2015,22:40,20,Max Jaxer,Defended,,,,19,25%,0,0
9/14/2015,22:40,15,ayu,80%,1,1,2,26,Defeat,,
9/14/2015,22:41,27,Thor Monster,100%,3,3,2,29,Defeat,,
9/14/2015,22:44,19,blackman,Defeat,,,,10,94%,2,2
9/14/2015,22:44,9,Makara,100%,3,3,4,13,Defeat,,
9/14/2015,22:46,33,HAFIZ H,45%,0,0,0,32,Defended,,
9/14/2015,22:50,9,Makara,95%,1,1,4,12,Defeat,,
9/14/2015,22:50,33,HAFIZ H,0%,0,0,0,35,Defended,,
9/14/2015,22:54,25,Kenshin,54%,1,1,3,25,Defeat,,
9/14/2015,23:16,19,blackman,100%,3,3,2,33,Defeat,,
9/14/2015,23:30,16,Emirates,0%,0,0,0,23,Defended,,
9/14/2015,23:40,14,Souyhour,100%,3,3,3,21,Defeat,,
9/14/2015,23:48,19,blackman,100%,3,3,2,34,Defeat,,
9/17/2015,1:30,8,Alabaster,100%,3,1,0,12,Defeat,,
9/17/2015,1:48,3,Go Nudi,100%,3,3,4,7,Defeat,,
9/17/2015,2:26,1,Magna,100%,3,1,0,3,Defeat,,
9/17/2015,2:30,23,HaFIZ H,Defeat,,,,14,71%,1,1
9/17/2015,3:36,8,Alabaster,100%,3,1,0,11,Defeat,,
9/17/2015,3:42,3,Go Nudi,93%,1,1,5,5,Defeat,,
9/17/2015,3:46,12,ayu,Defeat,,,,7,55%,1,1
9/17/2015,4:22,21,centries,5%,0,0,0,8,Defended,,
9/17/2015,4:37,7,Mary Grace,Defeat,,,,8,61%,2,2
9/17/2015,6:18,6,bbbbbb,25%,0,0,0,7,Defended,,
9/17/2015,6:52,2,dddddd,100%,3,1,0,2,Defeat,,
9/17/2015,7:06,16,Monstrosity,37%,1,0,0,11,Defeat,,
9/17/2015,7:56,2,dddddd,100%,3,3,5,4,Defeat,,
9/17/2015,10:06,10,kewal,32%,0,0,0,10,Defended,,
9/17/2015,11:36,4,jj BOSS,Defeat,,,,3,75%,2,2
9/17/2015,12:11,22,Ragnarok,Defended,,,,14,24%,0,0
9/17/2015,12:24,24,MHd Yoda,0%,0,0,0,7,Defended,,
9/17/2015,12:26,21,centries,0%,0,0,0,7,Defended,,
9/17/2015,12:41,24,MHd Yoda,Defended,,,,15,0%,0,0
9/17/2015,12:51,24,Lcy,Defeat,,,,15,100%,3,3
9/17/2015,13:20,24,Mhd Yoda,100%,3,3,3,25,Defeat,,
9/17/2015,13:26,10,Kewal,80%,2,1,0,11,Defeat,,
9/17/2015,15:18,6,bbbbbb,54%,2,2,4,6,Defeat,,
9/17/2015,17:58,7,Mary Grace,52%,1,1,4,8,Defeat,,
9/17/2015,18:25,25,Lcy,Defended,,,,19,0%,0,0
9/17/2015,18:25,5,Thanatos,Defeat,,,,5,88%,2,2
9/17/2015,18:44,17,Thor Monster,37%,0,0,0,11,Defended,,
9/17/2015,18:57,1,Magna,80%,2,2,4,1,Defeat,,
9/17/2015,9:07,16,Monstrosity,9%,0,0,0,12,Defended,,
9/17/2015,19:24,22,Ragnarok,100%,3,3,3,24,Defeat,,
9/17/2015,20:00,7,Mary Grace,100%,3,3,4,9,Defeat,,
9/17/2015,20:13,15,Max Jaxer,65%,2,2,4,12,Defeat,,
9/17/2015,20:19,19,Mouse,100%,3,2,0,13,Defeat,,
9/17/2015,20:23,18,Squirrel Nut Z.,61%,1,0,0,13,Defeat,,
9/17/2015,20:36,14,blackman,100%,3,3,3,21,Defeat,,
9/17/2015,20:48,17,Thor Monster,100%,3,1,0,20,Defeat,,
9/17/2015,21:13,18,Squirrel Nut Z.,100%,3,1,0,19,Defeat,,
9/17/2015,21:13,11,souyhour,57%,1,1,4,11,Defeat,,
9/17/2015,21:25,15,Max Jaxer,100%,3,2,0,14,Defeat,,
9/17/2015,21:33,4,jj BOSS,66%,2,2,5,3,Defeat,,
9/17/2015,21:39,19,Mouse,100%,3,3,3,18,Defeat,,
9/17/2015,21:42,7,Mary Grace,Defended,,,,6,40%,0,0
9/17/2015,21:57,9,Makara,80%,2,2,4,10,Defeat,,
9/17/2015,22:24,10,Kewal,Defeat,,,,4,52%,1,1
9/17/2015,22:33,8,Alabaster,Defeat,,,,6,56%,1,1
9/17/2015,22:43,13,Nooberz,31%,1,1,4,13,Defeat,,
9/17/2015,22:44,22,Ragnarok,100%,3,3,3,22,Defeat,,
9/17/2015,22:50,12,ayu,100%,3,3,3,16,Defeat,,
9/17/2015,23:05,9,Makara,Defeat,,,,4,52%,1,1
9/17/2015,23:20,4,jj BOSS,50%,2,2,5,2,Defeat,,
9/17/2015,23:23,3,go Nudi,Defeat,,,,1,100%,3,3
9/17/2015,23:24,14,blackman,100%,3,3,3,17,Defeat,,
9/17/2015,23:28,20,kenshin,91%,2,2,3,20,Defeat,,
9/17/2015,23:28,13,nooberz,100%,3,3,4,15,Defeat,,
9/17/2015,23:45,12,ayu,44%,1,1,4,14,Defeat,,
9/17/2015,23:47,20,Kenshin,72%,2,2,3,19,Defeat,,
9/17/2015,23:56,23,HaFIZ H,0%,0,0,0,22,Defended,,
9/17/2015,23:57,23,HaFIZ H,100%,3,3,3,23,Defeat,,
9/21/2015,0:17,2,dddddd,100%,3,0,0,1,Defeat,,
9/21/2015,1:26,8,Alabaster,100%,3,3,4,11,Defeat,,
9/21/2015,2:32,4,Go Nudi,71%,1,1,5,5,Defeat,,
9/21/2015,4:47,4,Go Nudi,100%,3,3,4,8,Defeat,,
9/21/2015,7:19,7,Mary Grace,Defended,,,,7,49%,0,0
9/21/2015,7:42,27,YOYO,Defended,,,,17,37%,0,0
9/21/2015,8:51,6,bbbbbb,Defeat,,,,5,100%,3,3
9/21/2015,9:12,14,Blackman,12%,0,0,0,13,Defended,,
9/21/2015,9:27,2,dddddd,100%,3,3,5,4,Defeat,,
9/21/2015,9:47,11,souyhour,46%,0,0,0,12,Defended,,
9/21/2015,9:55,26,mhd Yoda,Defeat,,,,14,100%,3,3
9/21/2015,10:56,11,souyhour,100%,3,3,2,29,Defeat,,
9/21/2015,11:18,6,bbbbbb,100%,3,3,4,7,Defeat,,
9/21/2015,11:28,16,Max Jaxer,100%,3,3,4,14,Defeat,,
9/21/2015,11:37,18,Thor Monster,75%,2,2,4,25,Defeat,,
9/21/2015,11:56,15,centries,100%,3,3,2,30,Defeat,,
9/21/2015,11:59,21,Squirrel Nut Z.,Defended,,,,14,11%,0,0
9/21/2015,12:16,10,kewal,12%,0,0,0,13,Defended,,
9/21/2015,13:00,29,Lcy,Defeat,,,,10,100%,3,3
9/21/2015,13:00,30,Kob-1 st clas,Defeat,,,,22,43%,1,0
9/21/2015,13:04,10,Kewal,Defended,,,,10,0%,0,0
9/21/2015,13:26,28,Henton,Defended,,,,22,37%,0,0
9/21/2015,13:30,17,Monstrosity,100%,3,3,3,24,Defeat,,
9/21/2015,14:18,6,bbbbbb,100%,3,3,4,6,Defeat,,
9/21/2015,15:41,18,Thor Monster,100%,3,3,3,23,Defeat,,
9/21/2015,15:54,2,dddddd,Defended,,,,2,49%,0,0
9/21/2015,16:51,19,Ragnarok,100%,3,3,3,22,Defeat,,
9/21/2015,17:34,14,Blackman,Defeat,,,,11,100%,3,3
9/21/2015,17:39,18,Thor Monster,Defeat,,,,9,100%,3,3
9/21/2015,17:51,10,Kewal,5%,0,0,0,6,Defended,,
9/21/2015,18:09,11,souyhour,Defeat,,,,11,100%,3,3
9/21/2015,18:28,9,makara,Defeat,,,,9,100%,3,3
9/21/2015,18:38,3,jj BOSS,Defeat,,,,4,100%,3,3
9/21/2015,18:47,1,Magna,100%,3,1,0,1,Defeat,,
9/21/2015,19:02,9,Makara,6%,0,0,0,11,Defended,,
9/21/2015,19:17,18,Thor Monster,Defended,,,,12,23%,0,0
9/21/2015,19:19,7,Mary Grace,63%,1,1,4,9,Defeat,,
9/21/2015,20:26,24,alexa,Defeat,,,,15,100%,3,3
9/21/2015,20:29,1,Magna,100%,3,3,5,3,Defeat,,
9/21/2015,21:19,13,Nooberz,100%,3,3,3,16,Defeat,,
9/21/2015,21:20,22,K v e,Defeat,,,,15,100%,3,3
9/21/2015,21:26,23,HafiZ H,Defeat,,,,12,100%,3,3
9/21/2015,21:29,21,Squirrel Nut Z.,100%,3,3,3,19,Defeat,,
9/21/2015,21:38,20,Mouse,100%,3,3,3,18,Defeat,,
9/21/2015,22:03,25,The_Champ,Defeat,,,,17,60%,2,2
9/21/2015,22:05,3,JJ BOSS,100%,3,3,5,2,Defeat,,
9/21/2015,22:21,19,Ragnarok,100%,3,3,2,28,Defeat,,
9/21/2015,22:37,17,Monstrosity,100%,3,3,3,17,Defeat,,
9/21/2015,23:04,16,Max Jaxer,100%,3,3,4,15,Defeat,,
9/21/2015,23:14,7,Mary Grace,100%,3,3,4,10,Defeat,,
9/21/2015,23:23,20,Mouse,100%,3,3,3,21,Defeat,,
9/21/2015,23:26,21,Squirrel Nut Z.,100%,3,3,3,20,Defeat,,
9/21/2015,23:30,4,Go Nudi,Defeat,,,,4,87%,2,2
9/21/2015,23:40,30,Kob-1 st clas,Defended,,,,27,6%,0,0
9/21/2015,23:42,13,nooberz,38%,0,0,0,14,Defended,,
9/21/2015,23:48,23,HafiZ H,8%,0,0,0,26,Defended,,
9/21/2015,23:54,14,blackman,79%,1,1,2,26,Defeat,,
9/21/2015,23:55,23,HafiZ H,100%,3,3,2,27,Defeat,,
9/21/2015,23:57,3,JJ BOSS,76%,2,2,5,1,Defeat,,
9/24/2015,Last moment!,3,Go Nudi,100%,3,2,0,13,Defeat,,
9/24/2015,10,2,dddddd,39%,0,0,0,1,Defended,,
9/24/2015,1:39,23,Mouse,Defended,,,,18,24%,0,0
9/24/2015,2:51,21,Squirrel Nut Z.,Defended,,,,18,30%,0,0
9/24/2015,6:26,8,Alabaster,59%,1,1,4,12,Defeat,,
9/24/2015,6:35,3,Go Nudi,100%,3,3,4,6,Defeat,,
9/24/2015,7:17,20,centries,0%,0,0,0,12,Defended,,
9/24/2015,10:16,19,monstrosity,60%,1,1,4,13,Defeat,,
9/24/2015,10:23,6,bbbbbb,100%,3,3,4,10,Defeat,,
9/24/2015,10:38,5,Thanatos,Defeat,,,,3,100%,3,3
9/24/2015,11:19,21,Squirrel Nut Z.,Defended,,,,20,24%,0,0
9/24/2015,11:35,4,JJ BOSS,Defeat,,,,2,100%,3,3
9/24/2015,11:45,25,HafiZ H,Defeat,,,,22,79%,1,0
9/24/2015,11:55,18,blackman,12%,0,0,0,13,Defended,,
9/24/2015,12:33,1,magna,76%,2,1,0,2,Defeat,,
9/24/2015,12:46,6,bbbbbb,100%,3,3,4,7,Defeat,,
9/24/2015,13:24,8,Alabaster,100%,3,3,4,11,Defeat,,
9/24/2015,13:35,12,Souyhour,100%,3,0,0,9,Defeat,,
9/24/2015,14:16,23,Mouse,Defended,,,,23,27%,0,0
9/24/2015,14:19,21,Squirrel Nut Z.,Defended,,,,23,0%,0,0
9/24/2015,14:26,25,HafiZ H,12%,0,0,0,24,Defended,,
9/24/2015,14:31,22,Thor Monster,86%,1,1,4,14,Defeat,,
9/24/2015,14:38,12,Souyhour,4%,0,0,0,12,Defended,,
9/24/2015,15:00,10,Kewal,100%,3,0,0,9,Defeat,,
9/24/2015,15:11,21,Squirrel Nut Z.,Defended,,,,15,0%,0,0
9/24/2015,15:21,15,Max Jaxer,100%,3,3,4,16,Defeat,,
9/24/2015,15:21,9,Makara,Defeat,,,,6,100%,3,2
9/24/2015,15:26,14,Ayu,97%,2,2,3,25,Defeat,,
9/24/2015,15:33,2,dddddd,91%,1,0,0,3,Defeat,,
9/24/2015,15:38,25,HafiZ H,0%,0,0,0,25,Defended,,
9/24/2015,15:45,10,Kewal,100%,3,0,0,15,Defeat,,
9/24/2015,15:59,14,ayu,100%,3,3,3,24,Defeat,,
9/24/2015,16:15,1,Magna,Defeat,,,,1,52%,2,2
9/24/2015,16:33,15,Max Jaxer,Defeat,,,,5,77%,1,1
9/24/2015,16:39,21,Squirrel Nut Z.,Defended,,,,21,0%,0,0
9/24/2015,19:15,17,Ragnarok,100%,3,3,3,22,Defeat,,
9/24/2015,19:27,9,Makara,Defeat,,,,5,54%,1,1
9/24/2015,19:59,23,Mouse,88%,2,2,3,17,Defeat,,
9/24/2015,20:03,21,Squirrel Nut Z.,86%,2,1,0,18,Defeat,,
9/24/2015,20:04,13,Nooberz,100%,3,3,3,23,Defeat,,
9/24/2015,20:04,2,dddddd,Defeat,,,,1,100%,3,3
9/24/2015,20:11,8,Alabaster,Defeat,,,,3,100%,3,2
9/24/2015,20:17,20,Centries,Defeat,,,,20,50%,1,1
9/24/2015,20:51,1,Magna,100%,3,3,5,4,Defeat,,
9/24/2015,21:04,20,Centries,Defended,,,,21,4%,0,0
9/24/2015,21:10,7,Mary Grace,100%,3,3,5,9,Defeat,,
9/24/2015,21:24,12,Souyhour,Defeat,,,,13,39%,1,1
9/24/2015,21:35,13,Nooberz,33%,0,0,0,22,Defended,,
9/24/2015,21:40,18,Blackman,20%,0,0,0,24,Defended,,
9/24/2015,21:47,22,Thor Monster,68%,1,1,3,18,Defeat,,
9/24/2015,21:55,25,HafiZ H,Defeat,,,,19,68%,1,1
9/24/2015,22:02,10,Kewal,Defeat,,,,8,45%,1,0
9/24/2015,22:07,23,Mouse,100%,3,2,0,20,Defeat,,
9/24/2015,22:15,22,Thor Monster,Defeat,,,,22,58%,1,1
9/24/2015,22:16,12,Souyhour,Defended,,,,10,21%,0,0
9/24/2015,22:19,7,Mary Grace,100%,3,3,4,8,Defeat,,
9/24/2015,22:20,4,JJ BOSS,60%,1,1,5,2,Defeat,,
9/24/2015,22:23,18,blackman,Defeat,,,,12,73%,2,2
9/24/2015,22:24,16,oppo_21,Defeat,,,,8,100%,3,3
9/24/2015,22:36,17,Ragnarok,55%,1,1,3,20,Defeat,,
9/24/2015,22:40,14,ayu,Defeat,,,,10,72%,2,2
9/24/2015,23:10,8,Alabaster,Defeat,,,,4,87%,1,1
9/24/2015,23:16,25,HafiZ H,Defended,,,,14,47%,0,0
9/24/2015,23:35,18,blackman,Defended,,,,11,0%,0,0
9/24/2015,23:35,3,Go Nudi,Defeat,,,,2,100%,3,3
9/24/2015,23:40,19,Monstrosity,100%,3,3,3,19,Defeat,,
9/24/2015,23:48,24,#2R8UOGY9G,Defeat,,,,12,100%,3,3
9/24/2015,23:49,15,Max Jaxer,100%,3,3,4,15,Defeat,,
9/24/2015,23:52,20,Centries,Defended,,,,16,4%,0,0
9/24/2015,23:55,16,oppo_21,Defended,,,,16,21%,0,0
9/24/2015,23:58,14,ayu,Defended,,,,13,3%,0,0
9/24/2015,1:00:05,19,Monstrosity,Defended,,,,19,9%,0,0
9/24/2015,1:00:08,24,#2R8UOGY9G,Defended,,,,17,33%,0,0
9/24/2015,1:00:10,7,Mary Grace,Defeat,,,,4,100%,3,3
9/24/2015,1:00:12,21,Squirrel Nut Z.,100%,3,3,3,21,Defeat,,
9/24/2015,1:00:20,9,Makara,29%,0,0,0,12,Defended,,
9/24/2015,1:00:22,6,bbbbbb,Defeat,,,,6,100%,3,3
9/24/2015,1:00:22,25,HafiZ H,Defended,,,,17,0%,0,0
9/24/2015,1:00:25,4,JJ BOSS,65%,1,1,5,3,Defeat,,
9/28/2015,0:06,3,Go Nudi,100%,3,3,4,13,Defeat,,
9/28/2015,0:15,4,Thanatos,100%,3,3,2,30,Defeat,,
9/28/2015,0:18,4,Thanatos,100%,3,3,2,32,Defeat,,
9/28/2015,0:47,36,sellynm,Defended,,,,31,0%,0,0
9/28/2015,0:58,23,blackman,100%,3,3,2,34,Defeat,,
9/28/2015,1:00,34,MHd Yoda,Defended,,,,31,37%,0,0
9/28/2015,1:18,3,Go Nudi,100%,3,2,0,6,Defeat,,
9/28/2015,1:23,23,blackman,47%,1,1,2,33,Defeat,,
9/28/2015,2:10,11,souyhour,Defeat,,,,7,100%,3,3
9/28/2015,2:15,1,Magna,Defeat,,,,2,50%,1,1
9/28/2015,5:20,2,dddddd,Defeat,,,,2,52%,1,1
9/28/2015,5:30,32,echon,Defeat,,,,16,50%,1,1
9/28/2015,6:34,1,Magna,60%,1,1,5,2,Defeat,,
9/28/2015,7:05,2,dddddd,100%,3,3,5,5,Defeat,,
9/28/2015,7:10,5,bbbbbb,100%,3,3,4,12,Defeat,,
9/28/2015,7:23,37,syTan,Defeat,,,,5,100%,3,3
9/28/2015,7:24,39,suej,Defeat,,,,5,100%,3,3
9/28/2015,7:50,28,Nihar,Defeat,,,,9,100%,3,3
9/28/2015,7:56,9,maruf,Defeat,,,,7,100%,3,3
9/28/2015,8:08,8,Makara,Defeat,,,,3,100%,3,3
9/28/2015,8:13,11,souyhour,Defended,,,,9,24%,0,0
9/28/2015,8:45,10,kewal,Defeat,,,,6,100%,3,3
9/28/2015,8:46,3,go Nudi,Defeat,,,,1,62%,1,1
9/28/2015,9:05,7,Alabaster,49%,0,0,0,12,Defended,,
9/28/2015,10:24,26,#2R8UOGY9G,49%,1,1,2,36,Defeat,,
9/28/2015,10:52,7,Alabaster,Defeat,,,,3,100%,3,3
9/28/2015,10:55,5,bbbbbb,Defeat,,,,4,100%,3,3
9/28/2015,10:58,26,#2R8UOGY9G,60%,1,1,2,37,Defeat,,
9/28/2015,11:13,21,Mouse,100%,3,3,2,29,Defeat,,
9/28/2015,11:18,18,Monstrosity,100%,3,3,2,28,Defeat,,
9/28/2015,11:23,27,Gugun,Defeat,,,,18,100%,3,3
9/28/2015,11:26,5,bbbbbb,64%,1,1,4,6,Defeat,,
9/28/2015,11:35,2,dddddd,100%,3,3,5,4,Defeat,,
9/28/2015,11:41,23,blackman,Defeat,,,,17,25%,1,0
9/28/2015,11:58,24,HafiZ H,100%,3,3,2,38,Defeat,,
9/28/2015,12:18,24,HafiZ H,100%,3,0,0,40,Defeat,,
9/28/2015,12:36,40,#898VOVJUG,0%,0,0,0,38,Defended,,
9/28/2015,12:37,40,#898VOVJUG,0%,0,0,0,40,Defended,,
9/28/2015,12:45,25,aikho,Defeat,,,,18,100%,3,3
9/28/2015,13:01,4,Thanatos,Defeat,,,,6,88%,2,2
9/28/2015,13:48,14,nooberz,58%,1,1,2,27,Defeat,,
9/28/2015,14:20,33,andi ollah,Defended,,,,36,35%,0,0
9/28/2015,14:43,14,nooberz,93%,2,2,2,26,Defeat,,
9/28/2015,14:51,11,souyhour,36%,0,0,0,10,Defended,,
9/28/2015,15:15,19,oppo_21,Defended,,,,12,9%,0,0
9/28/2015,15:19,6,Mary Grace,73%,1,1,4,7,Defeat,,
9/28/2015,15:49,10,kewal,3%,0,0,0,15,Defended,,
9/28/2015,16:00,17,Ragnarok,100%,3,3,3,25,Defeat,,
9/28/2015,16:12,15,Max Jaxer,86%,2,2,3,17,Defeat,,
9/28/2015,16:21,22,Squirrel Nut Z.,Defeat,,,,8,77%,1,1
9/28/2015,16:28,17,Ragnarok,9%,0,0,0,17,Defended,,
9/28/2015,16:34,25,aikho,41%,0,0,0,37,Defended,,
9/28/2015,16:41,22,Squirrel Nut Z.,100%,3,3,3,23,Defeat,,
9/28/2015,17:06,20,Thor Monster,100%,3,3,3,19,Defeat,,
9/28/2015,17:11,6,Mary Grace,100%,3,3,4,8,Defeat,,
9/28/2015,17:13,18,Monstrosity,100%,3,3,3,18,Defeat,,
9/28/2015,17:24,1,Magna,100%,3,3,5,3,Defeat,,
9/28/2015,17:26,15,Max Jaxer,69%,1,1,3,16,Defeat,,
9/28/2015,18:04,8,Makara,0%,0,0,0,1,Defended,,
9/28/2015,18:12,25,aikho,46%,0,0,0,38,Defended,,
9/28/2015,18:28,22,Squirrel Nut Z.,Defended,,,,11,36%,0,0
9/28/2015,19:36,16,ayu,100%,3,3,3,24,Defeat,,
9/28/2015,19:59,33,andi ollah,100%,3,3,2,35,Defeat,,
9/28/2015,20:11,7,alabaster,67%,1,1,4,10,Defeat,,
9/28/2015,20:13,30,K v e,Defended,,,,16,43%,0,0
9/28/2015,20:16,29,Jhuan12,Defeat,,,,25,62%,2,2
9/28/2015,20:16,16,ayu,28%,0,0,0,23,Defended,,
9/28/2015,20:38,10,Kewal,73%,1,1,4,9,Defeat,,
9/28/2015,20:42,25,aikho,Defended,,,,25,19%,0,0
9/28/2015,21:02,20,Thor Monster,Defended,,,,15,6%,0,0
9/28/2015,21:29,21,Mouse,100%,3,3,3,21,Defeat,,
9/28/2015,21:36,22,Squirrel Nut Z.,100%,3,3,3,22,Defeat,,
9/28/2015,21:44,20,Thor Monster,100%,3,3,3,20,Defeat,,
9/28/2015,21:53,34,Mhd Yoda,Defeat,,,,29,50%,1,1
9/28/2015,21:53,24,HafiZ H,Defeat,,,,11,72%,2,2
9/28/2015,21:55,10,Kewal,Defended,,,,12,19%,0,0
9/28/2015,21:56,6,Mary Grace,Defeat,,,,4,100%,3,3
9/28/2015,22:08,40,#898VOVJUG,Defeat,,,,29,100%,3,3
9/28/2015,22:48,8,Makara,100%,3,3,4,11,Defeat,,
9/28/2015,23:21,15,Max Jaxer,Defended,,,,15,48%,0,0
9/28/2015,23:24,29,Jhuan12,100%,3,3,2,39,Defeat,,
9/28/2015,23:27,29,Jhuan12,0%,0,0,0,38,Defended,,
9/28/2015,23:37,23,blackman,Defeat,,,,8,100%,3,3
9/28/2015,23:42,31,Germaine,Defended,,,,27,45%,0,0
9/28/2015,23:43,27,Gugun,Defended,,,,14,0%,0,0
9/28/2015,23:51,37,syTan,32%,0,0,0,38,Defended,,
9/28/2015,23:54,37,syTan,100%,3,3,2,40,Defeat,,
9/28/2015,23:57,26,#2R8UOGY9G,Defeat,,,,14,100%,3,3
9/28/2015,23:58,38,kob-1 st clas,Defeat,,,,27,100%,3,3
10/1/2015,0:11,23,#2R8UOGY9G,Defended,,,,17,0%,0,0
10/1/2015,0:29,2,dddddd,100%,3,3,5,3,Defeat,,
10/1/2015,0:34,5,bbbbbb,100%,3,3,4,14,Defeat,,
10/1/2015,0:49,7,Alabaster,100%,3,3,4,13,Defeat,,
10/1/2015,2:00,3,Go Nudi,100%,3,3,4,6,Defeat,,
10/1/2015,2:07,14,Nooberz,Defeat,,,,14,100%,3,0
10/1/2015,2:41,2,dddddd,Defeat,,,,1,100%,3,3
10/1/2015,3:13,19,Mouse,Defended,,,,22,33%,0,0
10/1/2015,4:17,1,Magna,Defended,,,,3,41%,0,0
10/1/2015,5:07,7,Alabaster,100%,3,3,4,11,Defeat,,
10/1/2015,5:48,21,aikho,Defended,,,,17,22%,0,0
10/1/2015,6:13,15,Ragnarok,Defeat,,,,15,52%,2,0
10/1/2015,6:31,6,Mary Grace,Defeat,,,,9,97%,2,0
10/1/2015,7:07,21,aikho,Defeat,,,,12,100%,3,1
10/1/2015,8:03,14,nooberz,Defeat,,,,11,100%,3,3
10/1/2015,8:09,8,makara,Defeat,,,,8,54%,2,0
10/1/2015,8:17,17,Monstrosity,Defeat,,,,12,100%,3,3
10/1/2015,8:25,5,bbbbbb,Defeat,,,,4,100%,3,3
10/1/2015,8:35,7,Alabaster,Defeat,,,,7,72%,1,0
10/1/2015,8:36,15,Ragnarok,83%,1,0,0,19,Defeat,,
10/1/2015,8:46,17,Monstrosity,100%,3,2,0,23,Defeat,,
10/1/2015,8:51,18,Thor Monster,100%,3,2,0,24,Defeat,,
10/1/2015,8:58,10,Souyhour,20%,0,0,0,13,Defended,,
10/1/2015,8:59,1,Magna,81%,2,2,5,2,Defeat,,
10/1/2015,9:00,5,bbbbbb,100%,3,3,4,8,Defeat,,
10/1/2015,9:08,15,Ragnarok,50%,1,1,4,15,Defeat,,
10/1/2015,9:22,2,dddddd,100%,3,3,5,5,Defeat,,
10/1/2015,9:38,13,Max Jaxer,Defeat,,,,10,100%,3,3
10/1/2015,9:42,4,Thanatos,Defeat,,,,4,100%,3,2
10/1/2015,10:24,1,Magna,Defeat,,,,1,87%,2,2
10/1/2015,10:48,20,blackman,12%,0,0,0,15,Defended,,
10/1/2015,11:08,19,Mouse,100%,3,3,3,25,Defeat,,
10/1/2015,11:18,16,Squirrel Nut Z.,87%,2,2,3,20,Defeat,,
10/1/2015,11:22,22,HafiZ H,4%,0,0,0,24,Defended,,
10/1/2015,11:35,22,HafiZ H,43%,0,0,0,25,Defended,,
10/1/2015,11:46,13,Max Jaxer,95%,2,2,3,18,Defeat,,
10/1/2015,11:54,18,Thor Monster,100%,3,3,3,21,Defeat,,
10/1/2015,11:56,8,Makara,Defeat,,,,7,100%,3,3
10/1/2015,11:58,6,Mary Grace,100%,3,3,4,10,Defeat,,
10/1/2015,13:35,9,Kewal,17%,0,0,0,13,Defended,,
10/1/2015,14:01,23,#2R8UOGY9G,18%,0,0,0,24,Defended,,
10/1/2015,14:10,23,#2R8UOGY9G,43%,0,0,0,25,Defended,,
10/1/2015,14:34,9,Kewal,86%,2,2,3,22,Defeat,,
10/1/2015,14:47,4,Thanatos,Defeat,,,,3,86%,1,1
10/1/2015,15:21,7,Alabaster,Defeat,,,,5,100%,3,2
10/1/2015,17:14,10,souyhour,65%,1,1,3,23,Defeat,,
10/1/2015,17:38,6,Mary Grace,Defeat,,,,5,100%,3,3
10/1/2015,18:10,6,Mary Grace,100%,3,3,4,9,Defeat,,
10/1/2015,19:06,15,Ragnarok,Defeat,,,,14,100%,3,3
10/1/2015,19:25,12,ayu,Defeat,,,,11,100%,3,3
10/1/2015,19:29,12,ayu,47%,0,0,0,25,Defended,,
10/1/2015,19:46,9,kewal,Defeat,,,,8,100%,3,3
10/1/2015,19:49,18,Thor Monster,Defeat,,,,19,100%,3,3
10/1/2015,20:21,22,HafiZ H,Defeat,,,,21,100%,3,3
10/1/2015,20:30,1,Magna,100%,3,3,5,4,Defeat,,
10/1/2015,20:31,20,blackman,29%,0,0,0,25,Defended,,
10/1/2015,20:35,8,Makara,88%,2,2,4,12,Defeat,,
10/1/2015,20:44,21,aikho,15%,0,0,0,23,Defended,,
10/1/2015,20:47,14,nooberz,33%,0,0,0,23,Defended,,
10/1/2015,20:48,20,blackman,Defeat,,,,19,100%,3,3
10/1/2015,21:12,21,aikho,18%,0,0,0,25,Defended,,
10/1/2015,21:17,23,#2R8UOGY9G,Defeat,,,,24,100%,3,3
10/1/2015,21:19,12,ayu,54%,1,1,4,24,Defeat,,
10/1/2015,21:20,13,max Jaxer,43%,0,0,0,16,Defended,,
10/1/2015,21:36,3,Go Nudi,Defeat,,,,2,100%,3,3
10/1/2015,21:59,11,Penwing,Defeat,,,,10,100%,3,3
10/1/2015,22:05,21,aikho,Defeat,,,,22,68%,2,2
10/1/2015,22:23,14,nooberz,34%,0,0,0,18,Defended,,
10/1/2015,22:34,7,Alabaster,Defeat,,,,6,87%,1,0
10/1/2015,22:37,19,Mouse,68%,1,1,3,19,Defeat,,
10/1/2015,22:42,19,Mouse,Defeat,,,,18,100%,3,3
10/1/2015,22:47,16,Squirrel Nut Z.,52%,1,1,3,16,Defeat,,
10/1/2015,22:55,21,aikho,Defended,,,,20,33%,0,0
10/1/2015,23:03,17,Monstrosity,100%,3,3,4,17,Defeat,,
10/1/2015,23:06,24,syTan,Defeat,,,,24,100%,3,3
10/1/2015,23:11,16,Squirrel Nut Z.,Defeat,,,,15,100%,3,3
10/1/2015,23:40,23,#2R8UOGY9G,Defended,,,,23,25%,0,0
10/1/2015,23:46,10,Souyhour,Defeat,,,,9,100%,3,3
10/1/2015,23:54,25,#898VOVJUG,Defeat,,,,25,100%,3,3
10/5/2015,0:07,1,Magna,54%,1,1,5,1,Defeat,,
10/5/2015,0:16,2,dddddd,100%,3,2,0,2,Defeat,,
10/5/2015,2:06,27,YOYO,Defeat,,,,6,100%,3,3
10/5/2015,2:21,8,Makara,Defeat,,,,6,100%,3,2
10/5/2015,3:49,3,Go Nudi,100%,3,3,2,26,Defeat,,
10/5/2015,4:16,1,Magna,80%,1,1,5,2,Defeat,,
10/5/2015,4:42,14,Ragnarok,100%,3,3,2,29,Defeat,,
10/5/2015,6:21,7,Alabaster,100%,3,3,3,24,Defeat,,
10/5/2015,6:56,1,Magna,Defeat,,,,1,57%,1,1
10/5/2015,7:17,3,Go Nudi,100%,3,2,0,6,Defeat,,
10/5/2015,7:28,13,Max Jaxer,Defeat,,,,7,55%,1,1
10/5/2015,7:30,7,Alabaster,100%,3,3,4,12,Defeat,,
10/5/2015,8:51,23,K v e,Defeat,,,,14,100%,3,3
10/5/2015,9:05,2,dddddd,100%,3,3,5,4,Defeat,,
10/5/2015,9:58,13,max Jaxer,100%,3,3,3,23,Defeat,,
10/5/2015,10:01,5,bbbbbb,83%,1,0,0,5,Defeat,,
10/5/2015,10:05,9,kewal,12%,0,0,0,12,Defended,,
10/5/2015,11:02,5,bbbbbb,100%,3,3,4,11,Defeat,,
10/5/2015,11:25,19,Thor Monster,100%,3,3,4,13,Defeat,,
10/5/2015,11:31,26,Mhd Yoda,Defeat,,,,14,100%,3,3
10/5/2015,11:31,18,Mouse,100%,3,2,0,21,Defeat,,
10/5/2015,11:49,17,Squirrel Nut Z.,55%,1,0,0,14,Defeat,,
10/5/2015,12:03,11,ayu,Defeat,,,,5,92%,1,1
10/5/2015,12:22,16,Monstrosity,100%,3,1,0,17,Defeat,,
10/5/2015,12:26,21,aikho,60%,1,1,3,25,Defeat,,
10/5/2015,12:36,6,Mary Grace,100%,3,3,4,9,Defeat,,
10/5/2015,13:06,14,Ragnarok,38%,0,0,0,13,Defended,,
10/5/2015,13:40,10,Souyhour,Defeat,,,,5,100%,3,3
10/5/2015,14:59,12,nooberz,100%,3,3,3,22,Defeat,,
10/5/2015,15:04,6,Mary Grace,100%,3,3,4,7,Defeat,,
10/5/2015,15:12,21,aikho,28%,0,0,0,29,Defended,,
10/5/2015,15:19,11,ayu,67%,1,1,3,21,Defeat,,
10/5/2015,15:58,9,kewal,100%,3,3,4,10,Defeat,,
10/5/2015,17:22,8,Makara,69%,2,2,5,5,Defeat,,
10/5/2015,17:28,10,souyhour,78%,1,1,4,14,Defeat,,
10/5/2015,19:13,29,kob-1 st clas,Defended,,,,22,11%,0,0
10/5/2015,19:24,25,syTan,Defended,,,,22,18%,0,0
10/5/2015,19:37,12,nooberz,100%,3,3,3,20,Defeat,,
10/5/2015,21:24,13,max Jaxer,100%,3,3,4,15,Defeat,,
10/5/2015,21:31,4,JJ BOSS,100%,3,3,5,3,Defeat,,
10/5/2015,21:46,11,ayu,27%,0,0,0,15,Defended,,
10/5/2015,22:29,30,suej,Defeat,,,,11,100%,3,0
10/5/2015,22:30,22,Gugun,32%,0,0,0,23,Defended,,
10/5/2015,22:31,19,Thor Monster,100%,3,3,3,19,Defeat,,
10/5/2015,22:31,29,kob-1 st clas,Defended,,,,24,22%,0,0
10/5/2015,22:37,17,Squirrel Nut Z.,83%,2,2,3,17,Defeat,,
10/5/2015,22:40,6,Mary Grace,Defended,,,,4,31%,0,0
10/5/2015,22:44,2,dddddd,Defeat,,,,1,100%,3,3
10/5/2015,22:55,8,Makara,70%,1,1,4,6,Defeat,,
10/5/2015,23:03,9,kewal,Defeat,,,,4,100%,3,3
10/5/2015,23:09,7,Alabaster,Defeat,,,,2,84%,1,1
10/5/2015,23:14,16,monstrosity,Defeat,,,,3,100%,3,3
10/5/2015,23:14,16,monstrosity,100%,3,3,3,16,Defeat,,
10/5/2015,23:18,29,kob-1 st clas,Defended,,,,21,0%,0,0
10/5/2015,23:22,20,#2R8UOGY9G,Defeat,,,,9,49%,1,1
10/5/2015,23:30,4,JJ BOSS,100%,3,3,4,8,Defeat,,
10/5/2015,23:34,18,Mouse,100%,3,3,3,18,Defeat,,
10/5/2015,23:46,24,Germaine,Defended,,,,21,4%,0,0
10/5/2015,23:54,8,Makara,Defeat,,,,3,67%,1,1
10/5/2015,23:55,30,suej,Defeat,,,,9,100%,3,3
10/8/2015,1:08,3,Go Nudi,100%,3,3,4,7,Defeat,,
10/8/2015,1:31,17,Squirrel Nut Z.,Defended,,,,17,20%,0,0
10/8/2015,2:11,3,Go Nudi,Defeat,,,,1,90%,2,2
10/8/2015,2:15,3,Go Nudi,100%,3,3,4,11,Defeat,,
10/8/2015,2:17,7,Alabaster,100%,3,1,0,14,Defeat,,
10/8/2015,3:49,7,Alabaster,100%,3,2,0,12,Defeat,,
10/8/2015,4:33,4,JJ BOSS,Defended,,,,3,47%,0,0
10/8/2015,5:54,2,dddddd,Defeat,,,,1,72%,2,2
10/8/2015,7:29,1,Magna,88%,1,1,5,1,Defeat,,
10/8/2015,8:05,6,Mary Grace,Defeat,,,,5,100%,3,3
10/8/2015,10:05,15,monstrosity,Defeat,,,,8,100%,3,3
10/8/2015,10:08,10,souyhour,72%,1,0,0,12,Defeat,,
10/8/2015,10:10,10,souyhour,0%,0,0,0,11,Defended,,
10/8/2015,11:19,4,JJ BOSS,100%,3,3,5,5,Defeat,,
10/8/2015,11:41,8,Makara,Defeat,,,,2,100%,3,3
10/8/2015,11:46,2,dddddd,100%,3,3,5,3,Defeat,,
10/8/2015,12:05,12,ayu,Defeat,,,,6,100%,3,3
10/8/2015,12:20,9,kewal,100%,3,0,0,13,Defeat,,
10/8/2015,12:24,7,Alabaster,Defeat,,,,13,55%,1,1
10/8/2015,12:37,5,bbbbbb,100%,3,1,0,9,Defeat,,
10/8/2015,12:44,2,dddddd,100%,3,3,5,4,Defeat,,
10/8/2015,12:47,19,aikho,Defeat,,,,13,100%,3,2
10/8/2015,12:48,18,Thor Monster,100%,3,0,0,16,Defeat,,
10/8/2015,12:55,15,monstrosity,72%,2,0,0,14,Defeat,,
10/8/2015,13:00,14,max Jaxer,46%,1,0,0,14,Defeat,,
10/8/2015,13:07,17,Squirrel Nut Z.,100%,3,0,0,18,Defeat,,
10/8/2015,13:33,16,Mouse,95%,2,1,0,14,Defeat,,
10/8/2015,13:41,5,bbbbbb,100%,3,2,0,8,Defeat,,
10/8/2015,13:46,18,Thor Monster,69%,1,1,0,14,Defeat,,
10/8/2015,13:47,11,nooberz,Defeat,,,,8,100%,3,3
10/8/2015,13:50,10,souyhour,Defended,,,,10,33%,0,0
10/8/2015,13:51,17,Squirrel Nut Z.,43%,0,0,0,14,Defended,,
10/8/2015,14:37,6,Mary Grace,100%,3,3,4,10,Defeat,,
10/8/2015,15:06,9,kewal,66%,1,1,4,12,Defeat,,
10/8/2015,15:15,18,Thor Monster,Defended,,,,17,23%,0,0
10/8/2015,16:39,12,ayu,15%,1,1,4,14,Defeat,,
10/8/2015,18:32,5,bbbbbb,Defeat,,,,5,50%,1,1
10/8/2015,18:53,1,Magna,100%,3,3,5,2,Defeat,,
10/8/2015,19:27,6,Mary Grace,70%,2,2,4,9,Defeat,,
10/8/2015,20:01,7,Alabaster,Defended,,,,18,23%,0,0
10/8/2015,20:15,12,ayu,100%,3,3,3,20,Defeat,,
10/8/2015,20:29,20,Gugun,Defended,,,,18,29%,0,0
10/8/2015,20:32,10,souyhour,Defeat,,,,6,100%,3,3
10/8/2015,20:46,14,max Jaxer,Defeat,,,,9,50%,1,1
10/8/2015,20:49,18,Thor Monster,Defeat,,,,12,64%,1,1
10/8/2015,21:04,16,Mouse,100%,3,3,3,19,Defeat,,
10/8/2015,21:31,11,nooberz,100%,3,3,4,13,Defeat,,
10/8/2015,21:34,19,aikho,27%,0,0,0,19,Defended,,
10/8/2015,21:48,13,Ragnarok,100%,3,3,4,15,Defeat,,
10/8/2015,21:54,19,aikho,25%,0,0,0,20,Defended,,
10/8/2015,22:41,11,nooberz,38%,0,0,0,14,Defended,,
10/8/2015,22:50,15,Monstrosity,100%,3,3,3,18,Defeat,,
10/8/2015,22:54,13,Ragnarok,Defeat,,,,9,65%,1,1
10/8/2015,23:00,19,aikho,Defeat,,,,15,58%,1,1
10/8/2015,23:03,9,kewal,Defeat,,,,3,100%,3,3
10/8/2015,23:12,14,max Jaxer,100%,3,3,3,17,Defeat,,
10/8/2015,23:15,13,Ragnarok,100%,3,3,3,16,Defeat,,
10/8/2015,23:22,8,Makara,77%,1,1,4,8,Defeat,,
10/8/2015,23:52,3,Go Nudi,Defended,,,,2,36%,0,0
10/8/2015,23:54,20,Gugun,Defended,,,,15,22%,0,0
10/8/2015,23:58,4,JJ BOSS,100%,3,3,4,6,Defeat,,
10/12/2015,0:03,3,Go Nudi,100%,3,2,0,6,Defeat,,
10/12/2015,1:23,10,souyhour,46%,0,0,0,12,Defended,,
10/12/2015,2:38,2,dddddd,100%,3,2,0,3,Defeat,,
10/12/2015,3:18,3,Go Nudi,71%,1,1,5,3,Defeat,,
10/12/2015,3:32,1,Magna,34%,0,0,0,1,Defended,,
10/12/2015,4:58,7,Mary Grace,Defeat,,,,4,100%,3,3
10/12/2015,7:32,8,Alabaster,100%,3,2,0,9,Defeat,,
10/12/2015,8:44,1,Magna,94%,2,2,5,2,Defeat,,
10/12/2015,9:39,2,dddddd,79%,1,0,0,4,Defeat,,
10/12/2015,9:46,2,dddddd,Defeat,,,,1,82%,2,2
10/12/2015,9:56,22,Germaine,72%,2,2,3,25,Defeat,,
10/12/2015,10:03,25,suej,Defeat,,,,17,100%,3,3
10/12/2015,10:25,15,Monstrosity,Defeat,,,,7,100%,3,3
10/12/2015,11:07,14,max Jaxer,Defeat,,,,11,100%,3,3
10/12/2015,11:28,21,Pogi,Defeat,,,,17,100%,3,2
10/12/2015,11:28,24,#898VOVJUG,Defeat,,,,19,100%,3,3
10/12/2015,11:36,18,Thor Monster,100%,3,2,0,15,Defeat,,
10/12/2015,11:41,4,JJ BOSS,Defeat,,,,4,62%,1,1
10/12/2015,11:57,5,Makara,Defeat,,,,6,100%,3,3
10/12/2015,12:11,16,Mouse,48%,0,0,0,15,Defended,,
10/12/2015,12:18,17,Squirrel Nut Z.,100%,3,3,3,24,Defeat,,
10/12/2015,12:24,14,max Jaxer,100%,3,3,3,23,Defeat,,
10/12/2015,13:29,6,bbbbbb,Defeat,,,,6,80%,1,1
10/12/2015,14:50,9,kewal,73%,1,1,4,15,Defeat,,
10/12/2015,15:45,23,syTan,Defeat,,,,18,100%,3,3
10/12/2015,16:19,15,Monstrosity,100%,3,3,3,22,Defeat,,
10/12/2015,16:22,20,#2R8UOGY9G,Defeat,,,,18,100%,3,3
10/12/2015,16:26,6,bbbbbb,54%,1,1,4,6,Defeat,,
10/12/2015,17:03,4,JJ BOSS,78%,2,2,5,4,Defeat,,
10/12/2015,17:10,7,Mary Grace,100%,3,3,4,8,Defeat,,
10/12/2015,17:40,18,Thor Monster,100%,3,3,3,21,Defeat,,
10/12/2015,17:46,15,Monstrosity,100%,3,2,0,17,Defeat,,
10/12/2015,17:47,12,ayu,Defeat,,,,11,100%,3,3
10/12/2015,17:53,14,max Jaxer,100%,3,3,3,18,Defeat,,
10/12/2015,17:55,9,kewal,Defended,,,,7,49%,0,0
10/12/2015,18:01,11,nooberz,50%,1,1,4,13,Defeat,,
10/12/2015,18:03,13,Ragnarok,100%,3,3,4,14,Defeat,,
10/12/2015,18:21,11,nooberz,Defeat,,,,10,85%,1,1
10/12/2015,18:40,22,Germaine,Defeat,,,,13,100%,3,3
10/12/2015,18:48,13,Ragnarok,100%,3,3,3,16,Defeat,,
10/12/2015,19:10,9,kewal,Defended,,,,8,37%,0,0
10/12/2015,19:15,21,Pogi,Defeat,,,,16,79%,1,1
10/12/2015,19:32,22,Germaine,Defended,,,,16,18%,0,0
10/12/2015,19:55,19,aikho,Defeat,,,,8,100%,3,3
10/12/2015,20:07,19,aikho,10%,0,0,0,22,Defended,,
10/12/2015,20:09,19,aikho,0%,0,0,0,21,Defended,,
10/12/2015,21:07,12,ayu,53%,1,1,3,17,Defeat,,
10/12/2015,21:48,12,ayu,18%,0,0,0,18,Defended,,
10/12/2015,22:07,6,bbbbbb,100%,3,3,4,7,Defeat,,
10/12/2015,22:28,16,mouse,100%,3,3,3,19,Defeat,,
10/12/2015,22:28,7,Mary Grace,48%,0,0,0,7,Defended,,
10/12/2015,22:35,17,Squirrel Nut Z.,100%,3,3,3,20,Defeat,,
10/12/2015,22:43,10,souyhour,Defeat,,,,10,100%,3,3
10/12/2015,22:49,9,kewal,93%,1,1,4,9,Defeat,,
10/12/2015,22:51,8,Alabaster,75%,1,1,4,10,Defeat,,
10/12/2015,22:56,13,Ragnarok,Defeat,,,,13,87%,1,1
10/12/2015,23:43,5,Makara,0%,0,0,0,7,Defended,,
10/12/2015,23:55,4,JJ BOSS,100%,3,3,5,5,Defeat,,
10/15/2015,0:09,3,Go Nudi,100%,3,3,4,6,Defeat,,
10/15/2015,0:24,8,Alabaster,16%,1,0,0,1,Defeat,,
10/15/2015,0:45,17,Thor Monster,8%,1,0,0,1,Defeat,,
10/15/2015,0:50,6,bbbbbb,3%,1,0,0,1,Defeat,,
10/15/2015,0:52,15,Squirrel Nut Z.,3%,1,0,0,1,Defeat,,
10/15/2015,0:56,2,dddddd,26%,1,0,0,1,Defeat,,
10/15/2015,1:26,10,nooberz,Defeat,,,,8,98%,2,1
10/15/2015,1:29,8,Alabaster,100%,3,3,4,10,Defeat,,
10/15/2015,2:35,3,Go Nudi,74%,1,1,5,4,Defeat,,
10/15/2015,3:43,4,JJ BOSS,22%,1,0,0,1,Defeat,,
10/15/2015,3:59,12,Ragnarok,9%,1,0,0,1,Defeat,,
10/15/2015,4:26,1,Magna,58%,2,2,5,1,Defeat,,
10/15/2015,9:34,14,Monstrosity,49%,0,0,0,10,Defended,,
10/15/2015,9:41,9,kewal,100%,3,3,0,20,Defeat,,
10/15/2015,10:26,2,dddddd,72%,2,2,5,3,Defeat,,
10/15/2015,10:48,10,nooberz,49%,0,0,0,10,Defended,,
10/15/2015,11:45,9,kewal,24%,0,0,0,10,Defended,,
10/15/2015,12:48,7,Mary Grace,100%,3,3,4,9,Defeat,,
10/15/2015,14:29,17,Thor Monster,73%,2,2,4,11,Defeat,,
10/15/2015,14:44,6,bbbbbb,93%,2,2,4,7,Defeat,,
10/15/2015,15:30,18,aikho,23%,0,0,0,11,Defended,,
10/15/2015,15:42,13,Max Jaxer,100%,3,3,4,12,Defeat,,
10/15/2015,15:51,7,Mary Grace,100%,3,3,4,8,Defeat,,
10/15/2015,16:07,18,aikho,100%,3,3,3,20,Defeat,,
10/15/2015,16:15,10,nooberz,100%,3,1,0,14,Defeat,,
10/15/2015,18:39,11,ayu,100%,3,3,4,19,Defeat,,
10/15/2015,19:06,1,Magna,100%,3,3,5,2,Defeat,,
10/15/2015,20:26,12,Ragnarok,98%,2,2,4,14,Defeat,,
10/15/2015,20:59,13,Max Jaxer,100%,3,3,4,13,Defeat,,
10/15/2015,21:05,2,dddddd,Defeat,,,,2,55%,1,1
10/15/2015,21:16,16,mouse,100%,3,3,4,15,Defeat,,
10/15/2015,21:24,15,Squirrel Nut Z.,100%,3,1,0,17,Defeat,,
10/15/2015,21:48,14,Monstrosity,100%,3,3,3,16,Defeat,,
10/15/2015,21:51,11,ayu,53%,2,2,3,17,Defeat,,
10/15/2015,22:13,16,mouse,100%,3,3,3,18,Defeat,,
10/15/2015,22:17,4,JJ BOSS,100%,3,3,5,5,Defeat,,
10/15/2015,22:35,5,Makara,36%,0,0,0,8,Defended,,
10/15/2015,22:50,17,Thor Monster,Defended,,,,15,17%,0,0
10/15/2015,23:02,10,nooberz,Defeat,,,,9,54%,1,1
10/15/2015,23:07,17,Thor Monster,Defended,,,,16,3%,0,0
10/15/2015,23:10,2,dddddd,Defended,,,,4,23%,0,0
10/15/2015,23:19,17,Thor Monster,Defended,,,,17,9%,0,0
10/15/2015,23:20,9,kewal,Defended,,,,6,41%,0,0
10/15/2015,23:23,8,Alabaster,Defeat,,,,3,65%,1,1
10/15/2015,23:27,5,Makara,Defeat,,,,5,100%,3,2
10/15/2015,23:29,7,Mary Grace,Defeat,,,,6,100%,3,3
10/15/2015,23:33,3,Go Nudi,Defeat,,,,3,53%,1,1
10/15/2015,23:33,18,aikho,Defeat,,,,13,100%,3,2
10/15/2015,23:36,18,aikho,Defeat,,,,14,52%,1,1
10/15/2015,23:42,4,JJ BOSS,Defeat,,,,2,93%,2,2
10/15/2015,23:46,19,Gugun,Defeat,,,,13,100%,3,3
10/15/2015,23:50,3,Go Nudi,Defended,,,,4,36%,0,0
10/15/2015,23:51,11,ayu,Defeat,,,,9,73%,1,1
10/15/2015,23:54,6,bbbbbb,Defeat,,,,5,100%,3,3
10/15/2015,23:57,20,Germaine,Defeat,,,,16,100%,3,3
10/15/2015,23:57,5,Makara,Defeat,,,,8,52%,1,1
10/15/2015,23:58,19,Gugun,Defended,,,,14,43%,0,0
10/19/2015,0:07,2,dddddd,28%,0,0,0,1,Defended,,
10/19/2015,0:10,3,Go Nudi,60%,1,1,5,2,Defeat,,
10/19/2015,0:11,7,Alabaster,100%,3,0,0,12,Defeat,,
10/19/2015,0:13,5,bbbbbb,50%,1,0,0,7,Defeat,,
10/19/2015,0:31,13,Squirrel Nut Z.,49%,0,0,0,10,Defended,,
10/19/2015,0:34,15,mouse,69%,1,0,0,10,Defeat,,
10/19/2015,0:52,12,Max Jaxer,58%,2,1,0,10,Defeat,,
10/19/2015,1:01,14,Monstrosity,100%,3,1,0,11,Defeat,,
10/19/2015,1:08,16,Thor Monster,100%,3,1,0,14,Defeat,,
10/19/2015,1:19,5,bbbbbb,100%,3,3,4,8,Defeat,,
10/19/2015,1:26,12,Max Jaxer,100%,3,2,0,13,Defeat,,
10/19/2015,1:34,2,dddddd,100%,3,3,4,7,Defeat,,
10/19/2015,2:00,6,Mary Grace,100%,3,2,0,9,Defeat,,
10/19/2015,3:33,15,mouse,Defeat,,,,8,70%,1,1
10/19/2015,4:03,18,#2R8UOGY9G,Defended,,,,18,37%,0,0
10/19/2015,4:33,1,Magna,100%,3,2,0,4,Defeat,,
10/19/2015,5:30,13,Squirrel Nut Z.,Defeat,,,,2,100%,3,3
10/19/2015,6:23,1,Magna,59%,2,2,5,3,Defeat,,
10/19/2015,10:03,12,Max Jaxer,Defeat,,,,1,100%,3,3
10/19/2015,10:27,7,Alabaster,55%,1,1,4,10,Defeat,,
10/19/2015,11:15,17,aikho,Defended,,,,19,17%,0,0
10/19/2015,11:30,7,Alabaster,Defeat,,,,6,100%,3,2
10/19/2015,11:48,19,jjboss2,Defeat,,,,10,100%,3,3
10/19/2015,11:55,10,ayu,Defeat,,,,3,100%,3,3
10/19/2015,12:04,18,#2R8UOGY9G,76%,1,0,0,20,Defeat,,
10/19/2015,12:10,18,#2R8UOGY9G,100%,3,2,0,19,Defeat,,
10/19/2015,12:21,8,kewal,23%,0,0,0,13,Defended,,
10/19/2015,12:49,18,#2R8UOGY9G,Defeat,,,,10,100%,3,3
10/19/2015,12:51,20,syTan,Defeat,,,,18,100%,3,0
10/19/2015,13:11,19,jjboss2,Defended,,,,14,20%,0,0
10/19/2015,13:16,8,kewal,52%,1,1,4,9,Defeat,,
10/19/2015,14:00,4,JJ BOSS,Defeat,,,,4,54%,2,2
10/19/2015,14:11,11,Ragnarok,56%,2,2,4,11,Defeat,,
10/19/2015,14:39,7,Alabaster,Defeat,,,,4,67%,1,1
10/19/2015,14:51,11,Ragnarok,Defeat,,,,7,100%,3,3
10/19/2015,14:55,9,nooberz,100%,3,3,4,12,Defeat,,
10/19/2015,14:56,5,bbbbbb,Defeat,,,,3,100%,3,3
10/19/2015,15:01,11,Ragnarok,23%,0,0,0,12,Defended,,
10/19/2015,15:21,17,aikho,16%,0,0,0,17,Defended,,
10/19/2015,17:04,17,aikho,28%,0,0,0,12,Defended,,
10/19/2015,17:33,4,JJ BOSS,60%,1,1,5,4,Defeat,,
10/19/2015,18:04,13,Squirrel Nut Z.,100%,3,3,4,15,Defeat,,
10/19/2015,19:12,11,Ragnarok,Defended,,,,14,41%,0,0
10/19/2015,20:22,19,jjboss2,100%,3,3,3,20,Defeat,,
10/19/2015,20:36,10,ayu,69%,2,2,4,14,Defeat,,
10/19/2015,20:46,9,nooberz,Defeat,,,,8,70%,2,2
10/19/2015,21:06,6,Mary Grace,30%,0,0,0,8,Defended,,
10/19/2015,21:31,18,#2R8UOGY9G,Defended,,,,13,34%,0,0
10/19/2015,21:33,20,syTan,Defeat,,,,12,82%,2,0
10/19/2015,21:42,8,kewal,Defeat,,,,6,100%,3,3
10/19/2015,22:13,10,ayu,63%,1,1,4,13,Defeat,,
10/19/2015,22:26,16,Thor Monster,100%,3,3,3,16,Defeat,,
10/19/2015,22:37,4,JJ BOSS,100%,3,3,5,5,Defeat,,
10/19/2015,22:40,19,jjboss2,46%,1,1,3,19,Defeat,,
10/19/2015,22:41,14,Monstrosity,100%,3,3,3,18,Defeat,,
10/19/2015,22:42,2,dddddd,Defeat,,,,1,78%,2,2
10/19/2015,22:50,20,syTan,Defeat,,,,11,100%,3,3
10/19/2015,22:52,15,mouse,100%,3,3,3,17,Defeat,,
10/19/2015,23:04,19,jjboss2,Defended,,,,11,4%,0,0
10/19/2015,23:11,19,jjboss2,Defended,,,,13,31%,0,0
10/19/2015,23:40,6,Mary Grace,Defeat,,,,2,100%,3,3
10/19/2015,23:52,14,Monstrosity,Defeat,,,,7,100%,3,3
10/19/2015,23:56,3,Go Nudi,100%,3,3,4,6,Defeat,,
10/22/2015,0:18,8,Kewal,6%,0,0,0,12,Defended,,
10/22/2015,0:37,7,Alabaster,100%,3,2,0,11,Defeat,,
10/22/2015,0:46,3,Go Nudi,42%,0,0,0,1,Defended,,
10/22/2015,1:22,5,bbbbbb,44%,1,0,0,4,Defeat,,
10/22/2015,1:40,8,Kewal,Defeat,,,,2,100%,3,3
10/22/2015,1:40,7,Alabaster,100%,3,2,0,10,Defeat,,
10/22/2015,1:48,10,Ragnarok,5%,1,0,0,4,Defeat,,
10/22/2015,1:51,2,dddddd,48%,0,0,0,1,Defended,,
10/22/2015,3:51,1,Magna,67%,2,2,5,2,Defeat,,
10/22/2015,5:21,3,Go Nudi,100%,3,3,5,5,Defeat,,
10/22/2015,6:31,19,jjboss2,0%,0,0,0,6,Defended,,
10/22/2015,6:35,8,Kewal,100%,3,3,4,9,Defeat,,
10/22/2015,8:27,2,dddddd,100%,3,3,5,4,Defeat,,
10/22/2015,8:28,17,aikho,Defeat,,,,10,47%,1,0
10/22/2015,8:33,12,Max Jaxer,75%,1,1,4,10,Defeat,,
10/22/2015,8:40,5,bbbbbb,100%,3,2,0,6,Defeat,,
10/22/2015,9:20,18,#2R8UOGY9G,Defeat,,,,10,100%,3,2
10/22/2015,9:48,8,Kewal,Defended,,,,6,0%,0,0
10/22/2015,9:53,13,Mouse,60%,2,1,0,12,Defeat,,
10/22/2015,9:56,14,Squirrel Nut Z.,79%,1,1,4,11,Defeat,,
10/22/2015,5:59,17,aikho,Defeat,,,,9,41%,1,0
10/22/2015,10:06,6,Mary Grace,100%,3,3,4,7,Defeat,,
10/22/2015,10:23,7,Alabaster,Defeat,,,,4,87%,1,1
10/22/2015,10:32,17,aikho,Defended,,,,13,22%,0,0
10/22/2015,10:44,15,Monstrosity,100%,3,3,3,19,Defeat,,
10/22/2015,11:19,5,bbbbbb,Defeat,,,,4,100%,3,2
10/22/2015,11:28,9,nooberz,Defeat,,,,6,90%,2,2
10/22/2015,11:55,18,#2R8UOGY9G,Defeat,,,,15,91%,1,0
10/22/2015,12:04,2,dddddd,Defeat,,,,1,100%,3,3
10/22/2015,12:09,19,jjboss2,Defeat,,,,12,93%,2,0
10/22/2015,13:14,11,ayu,Defeat,,,,7,90%,1,1
10/22/2015,13:33,18,#2R8UOGY9G,Defeat,,,,12,76%,1,0
10/22/2015,13:33,17,aikho,14%,0,0,0,11,Defended,,
10/22/2015,13:51,18,#2R8UOGY9G,Defeat,,,,13,82%,1,0
10/22/2015,13:55,17,aikho,Defended,,,,15,16%,0,0
10/22/2015,14:22,11,ayu,17%,0,0,0,11,Defended,,
10/22/2015,15:16,11,ayu,47%,0,0,0,19,Defended,,
10/22/2015,16:08,16,Thor Monster,Defended,,,,19,3%,0,0
10/22/2015,17:38,10,Ragnarok,100%,3,3,4,13,Defeat,,
10/22/2015,19:34,11,ayu,Defended,,,,8,19%,0,0
10/22/2015,19:43,11,ayu,Defended,,,,14,44%,0,0
10/22/2015,19:43,16,Thor Monster,60%,1,1,4,12,Defeat,,
10/22/2015,19:50,19,jjboss2,100%,3,3,3,20,Defeat,,
10/22/2015,20:05,14,Squirrel Nut Z.,100%,3,3,4,14,Defeat,,
10/22/2015,20:18,12,Max Jaxer,100%,3,3,4,15,Defeat,,
10/22/2015,10:24,13,Mouse,100%,3,3,3,16,Defeat,,
10/22/2015,20:38,17,aikho,12%,0,0,0,19,Defended,,
10/22/2015,20:39,1,Magna,100%,3,3,5,3,Defeat,,
10/22/2015,20:46,3,Go Nudi,Defeat,,,,2,73%,2,2
10/22/2015,21:11,6,Mary Grace,Defeat,,,,3,100%,3,3
10/22/2015,21:19,16,Thor Monster,Defended,,,,8,39%,0,0
10/22/2015,21:25,20,JcCluckin,4%,0,0,0,19,Defended,,
10/22/2015,21:26,6,Mary Grace,100%,3,3,4,8,Defeat,,
10/22/2015,21:26,20,JcCluckin,0%,0,0,0,20,Defended,,
10/22/2015,21:31,17,aikho,Defeat,,,,17,60%,1,1
10/22/2015,21:57,4,Makara,8%,1,1,4,6,Defeat,,
10/22/2015,22:08,5,bbbbbb,Defeat,,,,5,55%,1,1
10/22/2015,22:23,16,Thor Monster,100%,3,3,3,17,Defeat,,
10/22/2015,22:28,15,Monstrosity,100%,3,3,3,18,Defeat,,
10/22/2015,22:47,17,aikho,Defended,,,,11,16%,0,0
10/22/2015,23:27,18,#2R8UOGY9G,Defeat,,,,9,70%,1,1
10/22/2015,23:43,19,jjboss2,Defeat,,,,16,100%,3,3
10/22/2015,23:44,18,#2R8UOGY9G,Defended,,,,14,37%,0,0
10/22/2015,23:51,4,Makara,15%,0,0,0,5,Defended,,
10/22/2015,23:51,4,Makara,Defeat,,,,5,100%,3,3
10/22/2015,23:53,18,#2R8UOGY9G,Defended,,,,11,49%,0,0
10/22/2015,23:56,18,#2R8UOGY9G,Defended,,,,17,22%,0,0
10/22/2015,23:58,20,JcCluckin,Defeat,,,,16,100%,3,3
10/26/2015,0:01,4,Go Nudi,79%,1,0,0,4,Defeat,,
10/26/2015,0:02,5,JJ BOSS,100%,3,2,0,10,Defeat,,
10/26/2015,0:02,10,Alabaster,100%,3,1,0,16,Defeat,,
10/26/2015,0:13,21,jjboss2,9%,0,0,0,10,Defended,,
10/26/2015,0:22,19,Thor Monster,Defeat,,,,13,84%,2,0
10/26/2015,0:45,7,Makara,43%,0,0,0,10,Defended,,
10/26/2015,1:02,1,Magna,100%,3,2,0,3,Defeat,,
10/26/2015,1:26,20,aikho,Defeat,,,,14,57%,1,0
10/26/2015,1:29,21,jjboss2,Defended,,,,21,24%,0,0
10/26/2015,2:00,4,Go Nudi,100%,3,2,0,8,Defeat,,
10/26/2015,2:00,22,stormygirlcat,Defended,,,,21,28%,0,0
10/26/2015,2:12,3,dddddd,91%,1,1,5,4,Defeat,,
10/26/2015,2:14,11,Kewal,Defeat,,,,8,100%,3,1
10/26/2015,2:20,3,dddddd,Defeat,,,,4,86%,2,2
10/26/2015,2:31,12,Ragnarok,Defeat,,,,5,100%,3,2
10/26/2015,3:08,25,Da Boss,62%,1,0,0,25,Defeat,,
10/26/2015,3:18,15,Max Jaxer,Defeat,,,,13,74%,2,2
10/26/2015,3:35,3,dddddd,Defended,,,,8,40%,0,0
10/26/2015,3:41,2,john colombia,100%,3,3,4,7,Defeat,,
10/26/2015,3:41,24,syTan,Defeat,,,,23,100%,3,0
10/26/2015,4:06,6,Sushant Bhagat,Defeat,,,,3,84%,2,1
10/26/2015,5:55,12,Ragnarok,35%,0,0,0,7,Defended,,
10/26/2015,7:00,10,Alabaster,62%,1,0,0,10,Defeat,,
10/26/2015,7:04,2,john colombia,57%,1,0,0,3,Defeat,,
10/26/2015,7:18,1,Magna,100%,3,3,5,2,Defeat,,
10/26/2015,8:30,6,Sushant Bhagat,100%,3,3,4,9,Defeat,,
10/26/2015,9:16,5,JJ BOSS,100%,3,3,4,6,Defeat,,
10/26/2015,9:32,10,Alabaster,Defeat,,,,6,100%,3,3
10/26/2015,9:45,1,Magna,Defeat,,,,1,68%,2,2
10/26/2015,9:48,14,ayu,Defeat,,,,12,100%,3,3
10/26/2015,10:19,6,Sushant Bhagat,61%,1,1,5,3,Defeat,,
10/26/2015,11:01,9,Mary Grace,Defeat,,,,7,100%,3,3
10/26/2015,11:18,11,Kewal,Defeat,,,,11,95%,2,2
10/26/2015,11:23,3,dddddd,90%,2,2,5,5,Defeat,,
10/26/2015,11:28,22,stormygirlcat,Defeat,,,,18,100%,3,3
10/26/2015,11:39,15,Max Jaxer,100%,3,1,0,19,Defeat,,
10/26/2015,11:43,8,bbbbbb,100%,3,3,4,12,Defeat,,
10/26/2015,12:32,2,john colombia,Defeat,,,,1,100%,3,3
10/26/2015,12:53,18,Mouse,92%,2,2,4,15,Defeat,,
10/26/2015,13:14,11,Kewal,100%,3,1,0,24,Defeat,,
10/26/2015,13:44,12,Ragnarok,100%,3,3,4,14,Defeat,,
10/26/2015,13:52,19,Thor Monster,Defeat,,,,17,73%,1,0
10/26/2015,13:53,20,aikho,20%,0,0,0,14,Defended,,
10/26/2015,14:03,17,Monstrosity,Defeat,,,,15,89%,2,2
10/26/2015,14:27,24,syTan,Defeat,,,,20,100%,3,3
10/26/2015,14:44,11,Kewal,90%,2,2,4,13,Defeat,,
10/26/2015,15:22,25,Da Boss,Defeat,,,,20,100%,3,3
10/26/2015,15:41,9,Mary Grace,54%,1,1,4,10,Defeat,,
10/26/2015,16:27,16,Squirrel Nut Z.,63%,2,2,3,16,Defeat,,
10/26/2015,16:38,25,Da Boss,Defended,,,,22,40%,0,0
10/26/2015,16:53,8,bbbbbb,Defeat,,,,7,100%,3,3
10/26/2015,16:56,8,bbbbbb,100%,3,3,4,11,Defeat,,
10/26/2015,17:00,17,Monstrosity,100%,3,2,0,17,Defeat,,
10/26/2015,17:05,15,Max Jaxer,100%,3,2,0,18,Defeat,,
10/26/2015,17:18,19,Thor Monster,70%,1,1,3,17,Defeat,,
10/26/2015,17:23,7,Makara,Defeat,,,,6,100%,3,3
10/26/2015,17:26,16,Squirrel Nut Z.,84%,2,2,4,19,Defeat,,
10/26/2015,17:32,21,jjboss2,Defeat,,,,19,100%,3,3
10/26/2015,17:52,18,Mouse,100%,3,2,0,23,Defeat,,
10/26/2015,18:00,20,aikho,12%,0,0,0,19,Defended,,
10/26/2015,18:01,19,Thor Monster,100%,3,3,3,21,Defeat,,
10/26/2015,18:02,9,Mary Grace,78%,1,1,4,8,Defeat,,
10/26/2015,18:09,13,nooberz,59%,1,1,3,18,Defeat,,
10/26/2015,18:15,6,Sushant Bhagat,Defeat,,,,5,77%,1,1
10/26/2015,19:31,13,nooberz,46%,0,0,0,16,Defended,,
10/26/2015,19:31,17,Monstrosity,100%,3,1,0,20,Defeat,,
10/26/2015,21:15,18,Mouse,Defeat,,,,17,100%,3,1
10/26/2015,21:24,14,ayu,72%,2,2,3,20,Defeat,,
10/26/2015,21:32,22,stormygirlcat,100%,3,3,3,25,Defeat,,
10/26/2015,21:49,16,Squirrel Nut Z.,Defeat,,,,15,98%,2,2
10/26/2015,21:51,14,ayu,83%,1,1,3,23,Defeat,,
10/26/2015,21:53,13,nooberz,Defeat,,,,12,83%,2,2
10/26/2015,21:57,5,JJ BOSS,Defeat,,,,4,100%,3,3
10/26/2015,22:04,20,aikho,Defeat,,,,19,100%,3,3
10/26/2015,22:11,22,stormygirlcat,69%,2,2,3,24,Defeat,,
10/26/2015,22:49,23,JcCluckin,Defeat,,,,23,100%,3,3
10/26/2015,23:11,4,Go Nudi,Defeat,,,,3,70%,2,2
10/26/2015,23:25,23,JcCluckin,100%,3,3,3,22,Defeat,,
10/26/2015,23:39,23,JcCluckin,4%,0,0,0,23,Defended,,
10/26/2015,23:43,12,Ragnarok,Defeat,,,,11,91%,1,1
10/26/2015,23:53,19,Thor Monster,Defeat,,,,18,89%,2,2
10/29/2015,0:03,2,dddddd,55%,2,0,0,4,Defeat,,
10/29/2015,0:05,9,Alabaster,100%,3,2,0,14,Defeat,,
10/29/2015,0:11,3,Go Nudi,100%,3,2,0,12,Defeat,,
10/29/2015,0:35,19,Thor Monster,Defeat,,,,16,56%,1,1
10/29/2015,0:41,1,Magna,Defended,,,,1,47%,0,0
10/29/2015,0:46,14,Max Jaxer,69%,1,1,0,16,Defeat,,
10/29/2015,0:54,1,Magna,56%,1,1,5,2,Defeat,,
10/29/2015,1:01,20,aikho,8%,0,0,0,16,Defended,,
10/29/2015,1:12,12,Ragnarok,24%,0,0,0,16,Defended,,
10/29/2015,1:19,9,Alabaster,100%,3,3,4,15,Defeat,,
10/29/2015,1:56,3,Go Nudi,100%,3,3,4,13,Defeat,,
10/29/2015,1:59,21,jjboss2,100%,3,3,3,24,Defeat,,
10/29/2015,2:25,19,Thor Monster,Defended,,,,13,25%,0,0
10/29/2015,5:05,1,Magna,100%,3,3,5,3,Defeat,,
10/29/2015,8:20,5,Sushant Bhagat,100%,3,3,4,9,Defeat,,
10/29/2015,8:23,10,Kewal,59%,1,1,4,12,Defeat,,
10/29/2015,8:23,7,bbbbbb,100%,3,3,4,7,Defeat,,
10/29/2015,8:30,2,dddddd,100%,3,2,0,5,Defeat,,
10/29/2015,8:49,4,JJ BOSS,100%,3,3,4,6,Defeat,,
10/29/2015,8:51,17,Monstrosity,32%,1,0,0,16,Defeat,,
10/29/2015,8:58,19,Thor Monster,100%,3,3,3,23,Defeat,,
10/29/2015,9:11,10,Kewal,Defeat,,,,6,100%,3,2
10/29/2015,9:17,18,Mouse,Defended,,,,19,3%,0,0
10/29/2015,9:20,16,Squirrel Nut Z.,52%,1,1,3,16,Defeat,,
10/29/2015,9:31,7,bbbbbb,Defeat,,,,4,100%,3,3
10/29/2015,10:31,7,bbbbbb,100%,3,3,4,10,Defeat,,
10/29/2015,10:46,8,Mary Grace,100%,3,3,4,11,Defeat,,
10/29/2015,10:47,20,aikho,Defeat,,,,16,100%,3,3
10/29/2015,11:09,14,Max Jaxer,Defeat,,,,11,100%,3,3
10/29/2015,11:09,5,Sushant Bhagat,61%,2,2,5,4,Defeat,,
10/29/2015,11:35,12,Ragnarok,30%,0,0,0,15,Defended,,
10/29/2015,11:45,10,Kewal,Defeat,,,,8,52%,1,1
10/29/2015,12:16,10,Kewal,75%,1,1,4,14,Defeat,,
10/29/2015,12:54,9,Alabaster,Defeat,,,,7,82%,1,1
10/29/2015,12:58,13,nooberz,Defeat,,,,10,100%,3,3
10/29/2015,13:29,8,Mary Grace,Defeat,,,,7,45%,1,1
10/29/2015,12:33,6,Makara,Defeat,,,,6,100%,3,3
10/29/2015,13:57,18,Mouse,100%,3,2,0,18,Defeat,,
10/29/2015,14:38,13,nooberz,Defended,,,,17,43%,0,0
10/29/2015,14:46,19,Thor Monster,59%,1,1,3,18,Defeat,,
10/29/2015,14:50,8,Mary Grace,79%,2,2,4,8,Defeat,,
10/29/2015,14:54,14,Max Jaxer,100%,3,3,3,17,Defeat,,
10/29/2015,15:24,17,Monstrosity,100%,3,3,3,20,Defeat,,
10/29/2015,15:32,18,Mouse,100%,3,3,3,21,Defeat,,
10/29/2015,15:34,20,aikho,Defended,,,,17,47%,0,0
10/29/2015,15:42,16,Squirrel Nut Z.,100%,3,2,0,19,Defeat,,
10/29/2015,16:07,2,dddddd,Defeat,,,,1,81%,1,0
10/29/2015,16:18,13,nooberz,Defended,,,,13,25%,0,0
10/29/2015,16:42,4,JJ BOSS,Defeat,,,,3,100%,3,3
10/29/2015,18:02,13,nooberz,26%,0,0,0,20,Defended,,
10/29/2015,18:28,2,dddddd,Defeat,,,,3,50%,1,1
10/29/2015,18:54,3,Go Nudi,Defeat,,,,4,84%,1,1
10/29/2015,19:05,17,monstrosity,Defeat,,,,12,100%,3,3
10/29/2015,19:20,23,JcCluckin,Defeat,,,,24,100%,3,3
10/29/2015,19:30,12,Ragnarok,Defeat,,,,10,79%,1,1
10/29/2015,19:41,4,JJ BOSS,70%,2,2,5,5,Defeat,,
10/29/2015,20:27,6,Makara,Defended,,,,5,6%,0,0
10/29/2015,21:34,22,stormygirlcat,29%,0,0,0,24,Defended,,
10/29/2015,21:45,5,Sushant Bhagat,Defeat,,,,5,71%,2,2
10/29/2015,21:45,24,syTan,Defeat,,,,25,100%,3,3
10/29/2015,21:51,15,ayu,35%,0,0,0,23,Defended,,
10/29/2015,22:02,21,jjboss2,Defeat,,,,21,100%,3,3
10/29/2015,22:08,13,nooberz,62%,1,1,3,19,Defeat,,
10/29/2015,22:15,25,Da Boss,Defeat,,,,25,100%,3,3
10/29/2015,22:27,21,jjboss2,4%,0,0,0,23,Defended,,
10/29/2015,22:44,22,stormygirlcat,Defeat,,,,21,100%,3,3
10/29/2015,22:47,15,ayu,100%,3,3,3,22,Defeat,,
10/29/2015,22:55,23,JcCluckin,7%,0,0,0,23,Defended,,
10/29/2015,23:06,15,ayu,Defeat,,,,12,100%,3,3
10/29/2015,23:13,23,JcCluckin,8%,0,0,0,24,Defended,,
10/29/2015,23:17,11,swagness 5,Defeat,,,,11,100%,3,3
10/29/2015,23:21,11,swagness 5,100%,3,3,3,25,Defeat,,
10/29/2015,23:36,11,swagness 5,35%,0,0,0,16,Defended,,
11/2/2015,0:17,2,Magna,100%,3,3,4,11,Defeat,,
11/2/2015,0:32,5,JJ BOSS,Defended,,,,6,27%,0,0
11/2/2015,1:18,11,Mary Grace,100%,3,2,0,16,Defeat,,
11/2/2015,1:58,4,Go Nudi,100%,3,2,0,8,Defeat,,
11/2/2015,2:47,5,JJ BOSS,54%,1,1,5,1,Defeat,,
11/2/2015,4:02,22,Mouse,Defeat,,,,19,59%,1,1
11/2/2015,4:57,24,Javier,Defeat,,,,14,95%,2,2
11/2/2015,5:05,2,Magna,74%,2,1,0,3,Defeat,,
11/2/2015,5:21,30,K.C MKHALA,0%,0,0,0,29,Defended,,
11/2/2015,5:22,12,Alabaster,100%,3,1,0,18,Defeat,,
11/2/2015,5:33,25,aikho,Defended,,,,14,44%,0,0
11/2/2015,5:39,3,dddddd,100%,3,3,5,5,Defeat,,
11/2/2015,6:40,27,stormygirlcat,Defeat,,,,22,46%,1,1
11/2/2015,6:51,16,Ragnarok,58%,1,1,3,16,Defeat,,
11/2/2015,6:55,16,Ragnarok,Defeat,,,,13,93%,1,1
11/2/2015,7:27,6,Sushant Bhagat,Defeat,,,,4,59%,1,1
11/2/2015,7:32,8,F'lar,57%,1,1,4,13,Defeat,,
11/2/2015,8:03,5,JJ BOSS,51%,1,1,4,8,Defeat,,
11/2/2015,8:05,9,bbbbbb,100%,3,3,4,9,Defeat,,
11/2/2015,8:09,18,nooberz,Defeat,,,,7,100%,3,3
11/2/2015,8:20,17,Max Jaxer,100%,3,3,3,17,Defeat,,
11/2/2015,8:28,2,Magna,Defeat,,,,3,54%,1,1
11/2/2015,8:31,3,dddddd,100%,3,3,4,6,Defeat,,
11/2/2015,8:46,25,aikho,Defended,,,,24,32%,0,0
11/2/2015,8:50,24,Javier,Defended,,,,28,38%,0,0
11/2/2015,8:56,12,Alabaster,48%,0,0,0,16,Defended,,
11/2/2015,8:58,21,Monstrosity,100%,3,2,0,29,Defeat,,
11/2/2015,9:00,27,stormygirlcat,Defended,,,,28,0%,0,0
11/2/2015,9:14,23,Thor Monster,100%,3,3,2,28,Defeat,,
11/2/2015,9:21,1,* SPARKS *,49%,0,0,0,1,Defended,,
11/2/2015,9:27,27,stormygirlcat,Defended,,,,24,46%,0,0
11/2/2015,9:48,28,Pixel_Jason,Defeat,,,,29,100%,3,0
11/2/2015,10:18,9,bbbbbb,100%,3,3,4,12,Defeat,,
11/2/2015,10:29,13,Kewal,100%,3,0,0,22,Defeat,,
11/2/2015,10:35,22,Mouse,100%,3,3,2,27,Defeat,,
11/2/2015,10:40,6,Sushant Bhagat,100%,3,3,4,7,Defeat,,
11/2/2015,11:38,11,Mary Grace,Defeat,,,,10,91%,2,2
11/2/2015,11:45,1,* SPARKS *,61%,1,1,5,3,Defeat,,
11/2/2015,11:51,16,Ragnarok,80%,2,2,3,18,Defeat,,
11/2/2015,11:52,20,Squirrel Nut Z.,57%,2,2,3,19,Defeat,,
11/2/2015,12:01,7,Solarium,Defeat,,,,4,100%,3,3
11/2/2015,12:18,26,jjboss2,Defeat,,,,22,73%,2,2
11/2/2015,12:34,14,swagness 5,Defeat,,,,11,100%,3,3
11/2/2015,12:42,28,Pixel_Jason,Defeat,,,,9,100%,3,3
11/2/2015,12:50,24,Javier,Defended,,,,18,6%,0,0
11/2/2015,13:31,22,Mouse,Defended,,,,18,23%,0,0
11/2/2015,13:46,11,Mary Grace,100%,3,3,4,15,Defeat,,
11/2/2015,13:48,6,Sushant Bhagat,97%,2,2,5,4,Defeat,,
11/2/2015,15:53,26,jjboss2,Defended,,,,25,0%,0,0
11/2/2015,17:37,15,BHAGAT,100%,3,0,0,24,Defeat,,
11/2/2015,19:31,15,BHAGAT,49%,0,0,0,19,Defended,,
11/2/2015,19:33,29,JcCluckin,Defeat,,,,26,100%,3,3
11/2/2015,19:40,23,Thor Monster,Defeat,,,,20,50%,1,1
11/2/2015,19:55,12,Alabaster,Defeat,,,,11,70%,1,1
11/2/2015,20:11,9,bbbbbb,Defeat,,,,9,100%,3,3
11/2/2015,20:13,14,swagness 5,21%,0,0,0,19,Defended,,
11/2/2015,20:19,18,nooberz,100%,3,3,3,22,Defeat,,
11/2/2015,20:26,30,K.C MKHALA,Defeat,,,,26,100%,3,3
11/2/2015,20:34,21,Monstrosity,Defeat,,,,20,87%,2,2
11/2/2015,20:50,14,swagness 5,52%,1,1,0,14,Defeat,,
11/2/2015,21:17,27,stormygirlcat,54%,1,1,0,29,Defeat,,
11/2/2015,12:36,13,Kewal,96%,2,2,4,14,Defeat,,
11/2/2015,21:56,15,Bhagat,Defeat,,,,7,98%,2,2
11/2/2015,22:03,17,Max Jaxer,100%,3,3,3,20,Defeat,,
11/2/2015,22:18,20,Squirrel Nut Z.,100%,3,3,3,23,Defeat,,
11/2/2015,22:25,22,Mouse,100%,3,3,3,25,Defeat,,
11/2/2015,22:32,21,Monstrosity,100%,3,3,3,24,Defeat,,
11/2/2015,22:54,28,Pixel_Jason,12%,0,0,0,27,Defended,,
11/2/2015,23:14,18,nooberz,100%,3,3,3,21,Defeat,,
11/2/2015,23:16,10,pat,Defeat,,,,6,53%,1,0
11/2/2015,23:22,28,Pixel_Jason,50%,1,1,2,29,Defeat,,
11/2/2015,23:23,28,stormygirlcat,100%,3,3,2,30,Defeat,,
11/2/2015,23:24,23,Thor Monster,100%,3,3,2,26,Defeat,,
11/2/2015,23:24,8,F'lar,Defeat,,,,10,82%,2,2
11/2/2015,23:44,8,F'lar,33%,0,0,0,11,Defended,,
11/2/2015,23:47,13,Kewal,Defeat,,,,13,96%,2,2
11/2/2015,23:55,19,ayu,Defeat,,,,19,60%,2,2
11/5/2015,0:14,12,Ragnarok,Defended,,,,14,10%,0,0
11/5/2015,0:25,3,Go Nudi,43%,1,1,5,1,Defeat,,
11/5/2015,0:27,2,dddddd,84%,2,1,0,3,Defeat,,
11/5/2015,2:08,5,Sushant Bhagat,100%,3,3,4,8,Defeat,,
11/5/2015,2:19,9,Kewal,100%,3,0,0,21,Defeat,,
11/5/2015,2:38,8,Alabaster,25%,0,0,0,8,Defended,,
11/5/2015,2:53,3,Go Nudi,51%,1,1,5,3,Defeat,,
11/5/2015,7:55,6,bbbbbb,100%,3,3,4,7,Defeat,,
11/5/2015,8:24,8,Alabaster,Defeat,,,,6,55%,1,0
11/5/2015,8:36,1,Magna,Defeat,,,,1,50%,1,1
11/5/2015,8:42,19,Mouse,Defeat,,,,11,100%,3,3
11/5/2015,8:52,17,Monstrosity,Defeat,,,,7,100%,3,3
11/5/2015,9:03,16,Squirrel Nut Z.,Defeat,,,,4,100%,3,3
11/5/2015,9:07,1,Magna,78%,2,2,5,2,Defeat,,
11/5/2015,9:21,14,nooberz,Defeat,,,,7,100%,3,3
11/5/2015,9:39,7,Mary Grace,Defeat,,,,10,100%,3,3
11/5/2015,10:01,13,Max Jaxer,Defeat,,,,11,100%,3,3
11/5/2015,10:08,5,Sushant Bhagat,100%,3,3,4,6,Defeat,,
11/5/2015,10:11,11,Bhagat,Defeat,,,,8,100%,3,3
11/5/2015,10:27,10,swagness 5,Defeat,,,,8,100%,3,3
11/5/2015,10:40,15,ayu,Defeat,,,,5,100%,3,2
11/5/2015,10:51,5,Sushant Bhagat,Defeat,,,,10,56%,1,1
11/5/2015,10:52,16,Squirrel Nut Z.,100%,3,1,0,11,Defeat,,
11/5/2015,10:57,17,Monstrosity,100%,3,2,0,17,Defeat,,
11/5/2015,10:59,20,stormygirlcat,Defeat,,,,21,100%,3,3
11/5/2015,11:01,18,Thor Monster,100%,3,1,0,25,Defeat,,
11/5/2015,11:11,20,stormygirlcat,Defended,,,,20,38%,0,0
11/5/2015,11:16,1,Magna,100%,3,3,5,4,Defeat,,
11/5/2015,11:16,4,JJ BOSS,Defeat,,,,4,80%,2,2
11/5/2015,11:18,5,Sushant Bhagat,Defended,,,,5,30%,0,0
11/5/2015,11:22,2,dddddd,Defeat,,,,1,100%,3,1
11/5/2015,11:29,4,JJ BOSS,100%,3,2,0,18,Defeat,,
11/5/2015,11:40,21,jjboss2,Defeat,,,,21,100%,3,3
11/5/2015,12:19,8,Alabaster,100%,3,3,4,12,Defeat,,
11/5/2015,12:27,18,Thor Monster,Defeat,,,,12,100%,3,3
11/5/2015,12:32,19,Mouse,100%,3,3,4,13,Defeat,,
11/5/2015,12:43,2,dddddd,100%,3,3,5,5,Defeat,,
11/5/2015,12:56,14,nooberz,13%,0,0,0,13,Defended,,
11/5/2015,14:27,9,Kewal,46%,0,0,0,10,Defended,,
11/5/2015,15:06,12,Ragnarok,100%,3,3,4,14,Defeat,,
11/5/2015,16:01,11,Bhagat,15%,0,0,0,12,Defended,,
11/5/2015,16:22,8,Alabaster,Defeat,,,,9,87%,1,1
11/5/2015,16:34,21,jjboss2,Defended,,,,15,45%,0,0
11/5/2015,16:38,14,nooberz,56%,1,1,3,18,Defeat,,
11/5/2015,17:04,13,Max Jaxer,100%,3,3,4,10,Defeat,,
11/5/2015,17:11,6,bbbbbb,100%,3,3,4,9,Defeat,,
11/5/2015,18:03,15,ayu,36%,0,0,0,18,Defended,,
11/5/2015,18:28,15,ayu,53%,1,1,3,17,Defeat,,
11/5/2015,19:45,4,JJ BOSS,100%,3,3,4,15,Defeat,,
11/5/2015,20:18,7,Mary Grace,92%,2,2,4,11,Defeat,,
11/5/2015,20:46,23,SuperPercyPS,3%,0,0,0,17,Defended,,
11/5/2015,20:54,24,JcCluckin,Defeat,,,,18,100%,3,3
11/5/2015,21:04,2,dddddd,Defeat,,,,3,91%,2,1
11/5/2015,21:15,23,SuperPercyPS,Defeat,,,,18,100%,3,3
11/5/2015,21:31,6,bbbbbb,Defeat,,,,2,100%,3,3
11/5/2015,21:43,21,jjboss2,36%,0,0,0,18,Defended,,
11/5/2015,21:59,20,stormygirlcat,100%,3,3,3,24,Defeat,,
11/5/2015,22:03,15,ayu,Defeat,,,,14,57%,1,1
11/5/2015,22:21,19,Mouse,100%,3,3,3,22,Defeat,,
11/5/2015,22:24,22,The Clasher,Defeat,,,,22,100%,3,3
11/5/2015,22:25,16,Squirrel Nut Z.,100%,3,3,3,19,Defeat,,
11/5/2015,22:30,25,K.C MKHALA,Defeat,,,,15,100%,3,3
11/5/2015,22:36,13,Max Jaxer,100%,3,3,3,16,Defeat,,
11/5/2015,22:38,6,bbbbbb,Defended,,,,6,19%,0,0
11/5/2015,22:44,17,Monstrosity,100%,3,3,3,20,Defeat,,
11/5/2015,22:53,18,Thor Monster,100%,3,3,3,21,Defeat,,
11/5/2015,23:01,3,Go Nudi,Defeat,,,,3,68%,2,2
11/5/2015,23:39,12,Ragnarok,Defeat,,,,12,79%,2,2
11/5/2015,23:40,20,stormygirlcat,100%,3,3,3,23,Defeat,,
11/5/2015,1:00:13,24,JcCluckin,11%,0,0,0,23,Defended,,
11/5/2015,1:00:14,24,JcCluckin,0%,0,0,0,24,Defended,,
11/5/2015,1:00:24,9,Kewal,Defeat,,,,9,100%,3,3
11/5/2015,1:00:28,21,jjboss2,75%,2,2,3,25,Defeat,,
11/5/2015,1:00:34,2,dddddd,Defeat,,,,2,70%,1,1
11/5/2015,1:00:38,25,K.C MKHALA,Defended,,,,19,14%,0,0
11/9/2015,0:01,2,dddddd,100%,3,3,4,15,Defeat,,
11/9/2015,0:15,3,Go Nudi,100%,3,3,4,12,Defeat,,
11/9/2015,0:33,5,F'lar,Defeat,,,,2,100%,3,3
11/9/2015,0:44,17,Squirrel Nut Z.,100%,3,3,2,27,Defeat,,
11/9/2015,1:13,1,Magna,44%,0,0,0,2,Defended,,
11/9/2015,2:51,9,Alabaster,Defeat,,,,7,63%,1,1
11/9/2015,3:00,6,bbbbbb,100%,3,3,4,11,Defeat,,
11/9/2015,3:24,2,dddddd,47%,1,1,5,4,Defeat,,
11/9/2015,3:58,4,Sushant Bhagat,Defeat,,,,4,100%,3,3
11/9/2015,4:33,14,Ragnarok,78%,2,2,2,26,Defeat,,
11/9/2015,4:55,19,Monstrosity,Defeat,,,,23,55%,1,0
11/9/2015,4:57,3,Go Nudi,100%,3,3,4,7,Defeat,,
11/9/2015,5:01,11,nooberz,29%,0,0,0,15,Defended,,
11/9/2015,5:10,20,Thor Monster,Defended,,,,23,0%,0,0
11/9/2015,5:29,21,Javier,Defeat,,,,25,100%,3,1
11/9/2015,6:10,1,Magna,100%,3,3,5,3,Defeat,,
11/9/2015,6:15,9,Alabaster,38%,0,0,0,15,Defended,,
11/9/2015,7:02,25,jjboss2,Defended,,,,26,25%,0,0
11/9/2015,7:05,7,Mary Grace,100%,3,3,2,30,Defeat,,
11/9/2015,8:39,17,Squirrel Nut Z.,Defeat,,,,30,100%,3,3
11/9/2015,10:22,8,Pat,Defended,,,,8,36%,0,0
11/9/2015,10:53,10,Kewal,100%,3,0,0,14,Defeat,,
11/9/2015,11:10,12,swagness 5,9%,0,0,0,26,Defended,,
11/9/2015,11:18,12,swagness 5,100%,3,3,3,24,Defeat,,
11/9/2015,11:36,18,Mouse,100%,3,3,4,14,Defeat,,
11/9/2015,11:52,15,Max Jaxer,100%,3,3,3,16,Defeat,,
11/9/2015,12:00,26,Peter,Defeat,,,,29,100%,3,3
11/9/2015,12:09,3,Go Nudi,Defeat,,,,4,100%,3,3
11/9/2015,12:12,4,Sushant Bhagat,100%,3,3,4,6,Defeat,,
11/9/2015,12:41,6,bbbbbb,99%,2,2,4,8,Defeat,,
11/9/2015,12:52,1,Magna,Defeat,,,,1,78%,1,1
11/9/2015,13:00,13,BHagat,Defeat,,,,15,100%,3,3
11/9/2015,13:08,30,K.C MKHALA,Defeat,,,,14,100%,3,3
11/9/2015,13:11,26,Peter,Defeat,,,,14,100%,3,3
11/9/2015,13:15,20,Thor Monster,100%,3,3,3,25,Defeat,,
11/9/2015,13:18,10,Kewal,Defeat,,,,7,100%,3,2
11/9/2015,13:20,4,Sushant Bhagat,100%,3,3,5,5,Defeat,,
11/9/2015,13:33,29,SuperPercyPS,0%,0,0,0,29,Defended,,
11/9/2015,13:36,15,Max Jaxer,Defeat,,,,15,100%,3,3
11/9/2015,13:44,9,Alabaster,100%,3,3,4,13,Defeat,,
11/9/2015,13:49,22,stormygirlcat,49%,0,0,0,26,Defended,,
11/9/2015,13:58,22,stormygirlcat,Defeat,,,,25,67%,2,1
11/9/2015,14:08,20,Thor Monster,Defeat,,,,10,64%,1,1
11/9/2015,14:15,5,F'lar,56%,2,2,4,9,Defeat,,
11/9/2015,14:32,10,Kewal,Defeat,,,,10,54%,1,1
11/9/2015,14:38,14,Ragnarok,Defeat,,,,30,100%,3,3
11/9/2015,15:06,23,Penwing,Defeat,,,,13,100%,3,3
11/9/2015,15:29,11,nooberz,Defeat,,,,11,100%,3,3
11/9/2015,15:47,24,aikho,18%,0,0,0,29,Defended,,
11/9/2015,15:47,23,Penwing,Defended,,,,16,28%,0,0
11/9/2015,15:52,19,Monstrosity,100%,3,3,3,19,Defeat,,
11/9/2015,15:52,12,swagness 5,Defeat,,,,11,96%,2,2
11/9/2015,16:01,7,Mary Grace,64%,2,2,4,10,Defeat,,
11/9/2015,16:05,15,Max Jaxer,100%,3,3,3,18,Defeat,,
11/9/2015,16:15,17,Squirrel Nut Z.,100%,3,3,3,20,Defeat,,
11/9/2015,16:15,22,stormygirlcat,Defeat,,,,17,48%,1,1
11/9/2015,16:28,23,Penwing,Defended,,,,20,48%,0,0
11/9/2015,16:33,20,Thor Monster,100%,3,3,3,23,Defeat,,
11/9/2015,16:35,14,Ragnarok,Defended,,,,17,36%,0,0
11/9/2015,16:40,5,F'lar,45%,0,0,0,8,Defended,,
11/9/2015,17:05,19,Monstrosity,100%,3,3,3,22,Defeat,,
11/9/2015,17:24,24,aikho,6%,0,0,0,30,Defended,,
11/9/2015,17:29,20,Thor Monster,Defended,,,,13,8%,0,0
11/9/2015,17:31,9,Alabaster,Defeat,,,,8,78%,1,1
11/9/2015,17:47,18,Mouse,Defeat,,,,12,55%,1,1
11/9/2015,17:49,19,Monstrosity,Defeat,,,,16,68%,1,1
11/9/2015,18:25,26,Peter,Defended,,,,22,19%,0,0
11/9/2015,18:26,22,stormygirlcat,Defended,,,,6,42%,0,0
11/9/2015,18:32,18,Mouse,100%,3,3,3,21,Defeat,,
11/9/2015,18:32,10,Kewal,32%,0,0,0,18,Defended,,
11/9/2015,19:29,23,Penwing,Defended,,,,21,39%,0,0
11/9/2015,19:35,11,nooberz,20%,0,0,0,14,Defended,,
11/9/2015,19:40,6,bbbbbb,Defeat,,,,5,90%,2,2
11/9/2015,19:47,17,Squirrel Nut Z.,Defended,,,,9,45%,0,0
11/9/2015,19:50,7,Mary Grace,Defeat,,,,19,13%,1,1
11/9/2015,19:53,14,Ragnarok,58%,1,1,3,17,Defeat,,
11/9/2015,20:33,25,jjboss2,Defeat,,,,21,100%,3,1
11/9/2015,20:56,24,aikho,Defeat,,,,18,91%,2,2
11/9/2015,21:26,3,Go Nudi,Defended,,,,3,0%,0,0
11/9/2015,21:40,5,F'lar,Defended,,,,5,0%,0,0
11/9/2015,21:51,20,Thor Monster,Defended,,,,6,16%,0,0
11/9/2015,22:00,10,Kewal,Defended,,,,19,24%,0,0
11/9/2015,22:06,16,ayu,Defeat,,,,9,84%,2,2
11/9/2015,22:13,29,SuperPercyPS,Defeat,,,,27,100%,3,3
11/9/2015,22:33,22,stormygirlcat,42%,0,0,0,25,Defended,,
11/9/2015,23:05,29,SuperPercyPS,Defended,,,,26,25%,0,0
11/9/2015,23:05,28,JcCluckin,Defeat,,,,28,100%,3,3
11/9/2015,23:41,26,Peter,Defended,,,,18,19%,0,0
11/9/2015,23:43,26,Peter,28%,0,0,0,24,Defended,,
11/9/2015,23:46,28,JcCluckin,9%,0,0,0,30,Defended,,
11/9/2015,23:47,25,jjboss2,Defeat,,,,29,94%,2,2
11/9/2015,23:48,12,swagness 5,Defended,,,,12,49%,0,0
11/9/2015,23:52,21,Javier,Defeat,,,,20,80%,2,2
11/9/2015,23:52,28,JcCluckin,28%,0,0,0,24,Defended,,
11/9/2015,23:54,26,Peter,34%,0,0,0,30,Defended,,
11/9/2015,23:55,27,The Clasher,Defeat,,,,28,100%,3,3
11/9/2015,23:57,25,jjboss2,Defended,,,,27,11%,0,0
11/9/2015,23:57,29,SuperPercyPS,17%,0,0,0,30,Defended,,
11/12/2015,0:17,3,dddddd,59%,1,1,5,2,Defeat,,
11/12/2015,0:24,3,dddddd,Defeat,,,,4,50%,1,0
11/12/2015,0:27,23,JcCluckin,26%,0,0,0,23,Defended,,
11/12/2015,0:31,2,Austin,Defeat,,,,5,45%,1,0
11/12/2015,0:38,11,Kewal,55%,1,0,0,13,Defeat,,
11/12/2015,2:48,3,dddddd,44%,0,0,0,3,Defended,,
11/12/2015,2:58,6,F'lar,Defended,,,,11,40%,0,0
11/12/2015,3:50,4,Go Nudi,44%,0,0,0,3,Defended,,
11/12/2015,4:44,22,Peter,18%,0,0,0,23,Defended,,
11/12/2015,5:45,22,Peter,Defeat,,,,16,100%,3,0
11/12/2015,5:59,4,Go Nudi,48%,0,0,0,5,Defended,,
11/12/2015,6:31,10,Alabaster,100%,3,3,3,24,Defeat,,
11/12/2015,6:33,25,wiz khalifa,Defeat,,,,16,100%,3,0
11/12/2015,6:44,2,Austin,85%,1,1,5,5,Defeat,,
11/12/2015,7:40,10,Alabaster,58%,1,1,4,13,Defeat,,
11/12/2015,7:53,24,SuperPercyPS,0%,0,0,0,25,Defended,,
11/12/2015,7:57,15,ayu,Defeat,,,,14,100%,3,0
11/12/2015,8:04,19,Thor Monster,Defeat,,,,13,100%,3,2
11/12/2015,8:30,22,Peter,16%,0,0,0,25,Defended,,
11/12/2015,8:46,12,nooberz,Defeat,,,,9,100%,3,3
11/12/2015,9:31,16,Squirrel Nut Z.,Defeat,,,,4,100%,3,1
11/12/2015,9:38,7,bbbbbb,100%,3,3,4,8,Defeat,,
11/12/2015,9:54,16,Squirrel Nut Z.,86%,2,2,4,14,Defeat,,
11/12/2015,10:00,14,Max Jaxer,100%,3,3,4,15,Defeat,,
11/12/2015,10:05,18,Mouse,93%,2,0,0,16,Defeat,,
11/12/2015,10:09,17,Monstrosity,67%,2,2,3,16,Defeat,,
11/12/2015,10:13,2,Austin,Defeat,,,,3,70%,1,0
11/12/2015,10:35,10,Alabaster,Defeat,,,,2,100%,3,3
11/12/2015,10:39,11,Kewal,Defeat,,,,7,100%,3,2
11/12/2015,10:52,12,nooberz,45%,0,0,0,24,Defended,,
11/12/2015,11:34,12,nooberz,52%,1,1,3,23,Defeat,,
11/12/2015,13:07,11,Kewal,74%,1,1,4,11,Defeat,,
11/12/2015,13:17,13,Ragnarok,29%,0,0,0,16,Defended,,
11/12/2015,14:32,16,Squirrel Nut Z.,Defeat,,,,20,53%,1,0
11/12/2015,15:38,11,Kewal,Defeat,,,,15,58%,1,0
11/12/2015,15:57,3,dddddd,Defeat,,,,2,72%,2,2
11/12/2015,16:17,11,Kewal,Defeat,,,,9,63%,1,1
11/12/2015,16:38,25,wiz khalifa,Defeat,,,,23,100%,3,3
11/12/2015,16:36,17,Monstrosity,Defeat,,,,20,100%,3,3
11/12/2015,16:45,20,stormygirlcat,Defeat,,,,23,100%,3,3
11/12/2015,17:45,25,wiz khalifa,Defended,,,,19,0%,0,0
11/12/2015,17:47,20,stormygirlcat,Defended,,,,19,0%,0,0
11/12/2015,17:59,8,Mary Grace,100%,3,3,4,10,Defeat,,
11/12/2015,18:04,21,aikho,Defeat,,,,24,100%,3,3
11/12/2015,18:50,19,Thor Monster,100%,3,3,3,18,Defeat,,
11/12/2015,18:57,14,Max Jaxer,100%,3,3,3,17,Defeat,,
11/12/2015,19:07,19,Thor Monster,Defeat,,,,10,58%,1,1
11/12/2015,19:08,16,Squirrel Nut Z.,Defeat,,,,17,98%,2,2
11/12/2015,19:08,5,Sushant Bhagat,100%,3,3,4,7,Defeat,,
11/12/2015,19:23,9,Robertjk123,Defeat,,,,8,100%,3,3
11/12/2015,19:28,22,Peter,Defeat,,,,25,100%,3,3
11/12/2015,19:32,14,Max Jaxer,Defeat,,,,11,100%,3,1
11/12/2015,19:43,13,Ragnarok,Defeat,,,,13,100%,3,3
11/12/2015,20:10,6,F'lar,32%,0,0,0,10,Defended,,
11/12/2015,20:10,7,bbbbbb,Defeat,,,,6,100%,3,3
11/12/2015,10:14,5,Sushant Bhagat,100%,3,3,4,6,Defeat,,
11/12/2015,20:20,1,Magna,99%,2,2,5,4,Defeat,,
11/12/2015,20:22,2,Austin,Defeat,,,,1,100%,3,3
11/12/2015,20:37,14,Max Jaxer,Defeat,,,,14,88%,2,2
11/12/2015,21:14,8,Mary Grace,Defeat,,,,7,100%,3,3
11/12/2015,21:23,6,F'lar,84%,2,2,4,9,Defeat,,
11/12/2015,21:25,24,SuperPercyPS,Defeat,,,,24,100%,3,3
11/12/2015,21:29,20,stormygirlcat,31%,0,0,0,24,Defended,,
11/12/2015,21:38,19,Thor Monster,100%,3,3,3,22,Defeat,,
11/12/2015,21:42,15,ayu,35%,0,0,0,23,Defended,,
11/12/2015,21:53,17,Monstrosity,Defended,,,,17,30%,0,0
11/12/2015,21:56,17,Monstrosity,100%,3,3,3,20,Defeat,,
11/12/2015,22:00,15,ayu,Defeat,,,,15,100%,3,3
11/12/2015,22:02,8,Mary Grace,100%,3,3,4,12,Defeat,,
11/12/2015,22:03,18,Mouse,100%,3,3,3,21,Defeat,,
11/12/2015,22:04,1,Magna,Defeat,,,,1,57%,2,2
11/12/2015,22:05,15,ayu,23%,0,0,0,24,Defended,,
11/12/2015,22:22,18,Mouse,Defeat,,,,10,100%,3,3
11/12/2015,22:22,23,JcCluckin,Defeat,,,,25,100%,3,3
11/12/2015,22:26,16,Squirrel Nut Z.,100%,3,3,3,19,Defeat,,
11/12/2015,22:29,6,F'lar,Defeat,,,,6,100%,3,3
11/12/2015,22:37,5,Sushant Bhagat,Defeat,,,,5,100%,3,3
11/12/2015,22:47,20,stormygirlcat,46%,0,0,0,23,Defended,,
11/12/2015,22:48,23,JcCluckin,74%,1,1,3,25,Defeat,,
11/12/2015,22:50,4,Go Nudi,Defeat,,,,3,100%,3,3
11/16/2015,0:56,4,Alabaster,Defeat,,,,3,71%,1,1
11/16/2015,2:23,1,Go Nudi,100%,3,3,5,2,Defeat,,
11/16/2015,2:37,15,SuperPercyPS,Defeat,,,,9,100%,3,3
11/16/2015,3:06,15,SuperPercyPS,0%,0,0,0,2,Defended,,
11/16/2015,4:25,12,stormygirlcat,Defended,,,,8,37%,0,0
11/16/2015,8:48,12,stormygirlcat,Defended,,,,7,17%,0,0
11/16/2015,8:52,11,Thor Monster,Defended,,,,7,16%,0,0
11/16/2015,9:24,4,Alabaster,100%,3,2,0,6,Defeat,,
11/16/2015,10:52,6,nooberz,54%,1,0,0,6,Defeat,,
11/16/2015,11:13,14,JcCluckin,23%,0,0,0,8,Defended,,
11/16/2015,11:27,4,Alabaster,100%,3,1,0,7,Defeat,,
11/16/2015,11:37,14,JcCluckin,100%,3,2,0,15,Defeat,,
11/16/2015,15:19,7,Max Jaxer,88%,1,0,0,8,Defeat,,
11/16/2015,16:17,5,Kewal,100%,3,0,0,5,Defeat,,
11/16/2015,16:39,2,Mary Grace,67%,1,1,5,3,Defeat,,
11/16/2015,17:11,8,Squirrel Nut Z.,100%,3,3,5,5,Defeat,,
11/16/2015,17:15,9,Monstrosity,55%,2,0,0,8,Defeat,,
11/16/2015,17:29,11,Thor Monster,85%,2,2,4,8,Defeat,,
11/16/2015,18:10,6,nooberz,57%,2,2,4,7,Defeat,,
11/16/2015,19:04,11,Thor Monster,100%,3,3,4,11,Defeat,,
11/16/2015,20:39,15,SuperPercyPS,59%,1,1,4,15,Defeat,,
11/16/2015,21:15,7,Max Jaxer,100%,3,3,4,9,Defeat,,
11/16/2015,21:16,12,stormygirlcat,100%,3,3,4,13,Defeat,,
11/16/2015,21:27,8,Squirrel Nut Z.,100%,3,3,4,10,Defeat,,
11/16/2015,21:32,9,Monstrosity,100%,3,3,4,12,Defeat,,
11/16/2015,21:34,2,Mary Grace,100%,3,3,5,4,Defeat,,
11/16/2015,22:32,12,stormygirlcat,100%,3,3,4,14,Defeat,,
11/16/2015,22:42,3,Robertjk123,71%,1,1,4,6,Defeat,,